id,item,jet,applies_to,value,low,high,unit,type,source_name,source_url,source_date,confidence,notes
citation-xls.range_4_pax,Range with 4 passengers,Citation XLS,Plane-specific,1796,1539,1796,nautical miles,Published,Jetcraft Jetstream: Citation XLS (2003-2008),https://www.jetcraft.com/jetstream/2014/09/citation-xls-2003-2008/,2014-09-05,Medium,"Jetcraft gives 1,796 nm with 4 passengers and NBAA IFR reserves for the original XLS. Flycraft (updated 2024-12-12) gives 1,770 nm, within 2%. Low end: Private Jet Card Comparisons XLS page gives 1,539 nm (Conklin & de Decker style maximum IFR range with 4 seats occupied and a 200 nm alternate). The manufacturer spec sheet was not reachable (the archived Cessna brochures are on web.archive.org, which could not be reached). Radar shows 2,111 nm, but that is an XLS+ ferry figure and is not used."
citation-xls.cruise_speed,Cruise speed,Citation XLS,Plane-specific,433,433,435,knots,Published,Jetcraft Jetstream: Citation XLS (2003-2008),https://www.jetcraft.com/jetstream/2014/09/citation-xls-2003-2008/,2014-09-05,Medium,"Maximum cruise, true airspeed. Flycraft also gives 433 kt. AOPA Pilot (Oct 2005 review of the new XLS, Thomas A. Horne) gives 435 KTAS. Long-range cruise is 373 kt (Jetcraft). Radar and Wikipedia figures of 441 kt are for the XLS+ and are not used."
citation-xls.seats,Seats (typical),Citation XLS,Plane-specific,9,8,9,passengers,Published,"AOPA Pilot, New Aircraft: Citation XLS (Thomas A. Horne)",https://www.aopa.org/news-and-media/all-news/2005/october/pilot/new-aircraft,2005-10-01,Medium,"Standard layout per AOPA: six club seats, a two-place side-facing divan and one belted side-facing seat in the aft lavatory, so 8 seats in the main cabin plus the lavatory seat. Jetcraft also says typical configuration is 9 passengers. Flycraft says up to 9. An 11-seat high-density option existed."
citation-xls.cabin_height,Cabin height,Citation XLS,Plane-specific,68,,,inches,Published,"AOPA Pilot, New Aircraft: Citation XLS (Thomas A. Horne)",https://www.aopa.org/news-and-media/all-news/2005/october/pilot/new-aircraft,2005-10-01,Medium,"5 ft 8 in, measured in the dropped aisle. Radar (read 2026-10-06, citing manufacturer and type certificate figures) gives the same 5 ft 8 in. Manufacturer sheet not reachable."
citation-xls.cabin_width,Cabin width,Citation XLS,Plane-specific,66,,,inches,Published,"AOPA Pilot, New Aircraft: Citation XLS (Thomas A. Horne)",https://www.aopa.org/news-and-media/all-news/2005/october/pilot/new-aircraft,2005-10-01,Medium,5 ft 6 in. Radar gives the same figure.
citation-xls.cabin_length,Cabin length,Citation XLS,Plane-specific,222,,,inches,Published,"AOPA Pilot, New Aircraft: Citation XLS (Thomas A. Horne)",https://www.aopa.org/news-and-media/all-news/2005/october/pilot/new-aircraft,2005-10-01,Medium,"18 ft 6 in. Radar gives the same. Sources do not say what is included; Cessna normally measures from the cockpit divider to the aft pressure bulkhead, so it excludes the cockpit and the tailcone baggage compartment but includes the lavatory. Cabin volume 461 cu ft (Jetcraft)."
citation-xls.stand_up_cabin,Stand-up cabin (6 ft or more),Citation XLS,Plane-specific,No,,,yes/no,Published,Derived from cabin height (AOPA Pilot),https://www.aopa.org/news-and-media/all-news/2005/october/pilot/new-aircraft,2005-10-01,Medium,Derived: cabin height 68 in is below 72 in. Even 68 in is only available in the dropped aisle.
citation-xls.flat_floor,Flat floor,Citation XLS,Plane-specific,No,,,yes/no,Published,"AOPA Pilot, New Aircraft: Citation XLS (Thomas A. Horne)",https://www.aopa.org/news-and-media/all-news/2005/october/pilot/new-aircraft,2005-10-01,Medium,"AOPA describes ""a dropped aisle that runs the length of the cabin"". The XLS uses the same fuselage as the Citation Excel, which also has a dropped aisle. Some charter and broker pages call the cabin flat-floor; that is not correct for this fuselage and is not used."
citation-xls.enclosed_lavatory,Enclosed lavatory,Citation XLS,Plane-specific,Yes,,,yes/no,Published,"AOPA Pilot, New Aircraft: Citation XLS (Thomas A. Horne)",https://www.aopa.org/news-and-media/all-news/2005/october/pilot/new-aircraft,2005-10-01,Low,"AOPA describes an aft lavatory compartment with a belted side-facing seat (usable as a passenger seat for takeoff and landing). Sources read do not say whether the toilet is externally serviced, or describe the door. Textron spec sheets for the later XLS+ describe a non-belted, flushing, externally serviceable toilet, but that is a different variant and varies by completion."
citation-xls.bag_space,Bag space,Citation XLS,Plane-specific,90,80,90,cubic feet,Published,Flycraft: Cessna Citation XLS ownership and operating costs,https://www.flycraft.com/ownership-cost/cessna-citation-xls-ownership-operating-costs,2024-12-12,Medium,Total of external aft baggage compartment and internal storage. AOPA (2005) gives 80 cu ft for the aft (external) compartment; Private Jet Card Comparisons gives about 10 cu ft internal; 80 + 10 = 90 matches Flycraft. Manufacturer sheet not reachable.
citation-xls.takeoff_distance,"Takeoff distance (max weight, sea level, standard day)",Citation XLS,Plane-specific,3560,,,feet,Published,"AOPA Pilot, New Aircraft: Citation XLS (Thomas A. Horne)",https://www.aopa.org/news-and-media/all-news/2005/october/pilot/new-aircraft,2005-10-01,Medium,"At maximum takeoff weight of 20,200 lb. Jetcraft Jetstream (2014) gives the same 3,560 ft. The FAA type certificate data sheet (A22CE) gives weights but not takeoff distance; not read."
citation-xls.fuel_burn,Fuel burn,Citation XLS,Plane-specific,239,211,239,gallons per hour,Published,Flycraft: Cessna Citation XLS ownership and operating costs,https://www.flycraft.com/ownership-cost/cessna-citation-xls-ownership-operating-costs,2024-12-12,Medium,"Conklin & de Decker average hourly fuel burn, via Private Jet Card Comparisons, as shown on Flycraft. Cross-checks: AOPA (2005) about 219 gph at high-speed cruise (9% lower); Jetcraft (2014) 211 gph (12% lower). Flycraft figure includes climb and taxi, which explains part of the gap."
citation-xls.maintenance_per_hour,Maintenance (labor and parts),Citation XLS,Class-wide,1050,800,1300,dollars per hour,Published,Flycraft: Cessna Citation XLS ownership and operating costs,https://www.flycraft.com/ownership-cost/cessna-citation-xls-ownership-operating-costs,2024-12-12,Low,"This is CRAFT's midsize class midpoint (range $800 to $1,300), the same for every midsize jet, not an XLS-specific figure. No model-specific published figure was found: aircraftcostcalculator.com blocked access (HTTP 403) and the AIN/BJT pages read did not give one."
citation-xls.engine_reserve_per_hour,Engine reserve (both engines),Citation XLS,Class-wide,700,440,850,dollars per hour,Published,Flycraft: Cessna Citation XLS ownership and operating costs,https://www.flycraft.com/ownership-cost/cessna-citation-xls-ownership-operating-costs,2024-12-12,Low,"Flycraft value is CRAFT's midsize class midpoint (2 engines x $275 to $425 per engine per hour), not XLS-specific. Model-specific cross-check, our calculation: Jet Aviva (2019-12-13, https://www.jetaviva.com/excel-guide-part-5/) puts a PW545 first overhaul at $850,000 to $1,100,000 and a hot section inspection at $250,000 to $450,000 per engine, on a 5,000-hour overhaul cycle; (overhaul + one hot section) / 5,000 h = about $220 to $310 per engine per hour, or $440 to $620 for both engines. No published Pratt & Whitney ESP rate for the PW545B was found from an allowed source."
citation-xls.purchase_price,"Purchase price (typical, for the most commonly sold build years)",Citation XLS,Plane-specific,5300000,4600000,5700000,dollars,Published,findaircraft.com Citation XLS market report (ADN marketplace transactions),https://findaircraft.com/market-reports/cessna-citation-xls/,read 2026-10-06,Low,"Decision 6 Oct 2026: 5.3M sits between findaircraft.com's average sold prices for 2001-2005 builds (5.04M, 16 sales, may include late Excels) and 2006-2010 builds (5.65M, 59 sales, includes some newer XLS+), matching the 2004-2008 window. Low 4.6M is Radar's value for a 2008 XLS+ (Radar's own model suggests older XLS aircraft could be lower); high 5.7M is Radar's 'about 5.7M' for the original XLS. See price_points.csv."
citation-xls.yearly_value_loss,Yearly value loss,Citation XLS,Plane-specific,6.0,2.9,8.4,percent per year,Our assumption,"Radar value model by build year (Citation XLS+, sister variant)",https://www.useradar.com/aircraft/models/cessna-citation-xls,read 2026-10-06,Low,"Decision 6 Oct 2026: the model's own figure (8.3%) rests on thin or borrowed data, so the midsize class figure is used: 6.0% is the median of the yearly value loss measured for the other midsize jets (Sovereign 6.0, Hawker 800XP 6, Learjet 60 6.9). Low and high keep the spread from the model's own data. Original note: No build-year values exist for the original XLS in the sources read. Proxy: Radar's value model for the XLS+ rises from $4.6M (2008) to $12.9M (2021), a geometric average of 8.3% per build year (8.4% over 2008-2013). Low end: findaircraft averages ($5.04M for 2001-2005 builds vs $5.65M for 2006-2010 builds, about 4 years apart) imply about 2.9% per year, but those groups mix variants. Within the normal 5-10% class range at the value; low end is below 3% and is flagged."
citation-xls.charter_rate,"Charter rate (whole plane, per flight hour, before tax and fees)",Citation XLS,Class-wide,5000,3600,10500,dollars per hour,Our assumption,PrivateFly (now FXAIR): Private jet prices by the hour,https://www.privatefly.com/aircraft-charter/hourly-rates-for-private-jets.html,read 2026-10-06,Low,"What this is: the base price a charter customer pays for the whole plane and crew per flight hour, before the 7.5% federal excise tax, landing and handling fees and crew overnight costs. Owner income = charter hours x this rate x the owner's share. Decision 6 Oct 2026: one charter rate for every midsize jet so no jet is favoured by a stale or template web page. 5,000 is the median of the per-model broker rates found for midsize jets (Citation XLS 4,207 PrivateFly; Sovereign 5,000 Mercury Jets; Hawker 800XP 5,000 and Learjet 60 5,200 Paramount Business Jets). Low 3,600 is the lowest model quote (Mercury Jets, XLS); high 10,500 is Flycraft's published midsize class rate, which looks like an all-in or jet-card price. The source link is this jet's own model page. This jet's model-page figure before the decision: 4207. Original note: PrivateFly lists the Citation XLS at $4,207 per hour (also shown as GBP 2,684 / EUR 3,166); no date shown. Mercury Jets (https://mercuryjets.com/citation-xls, read 2026-10-06) gives an average of about $3,600 per hour. Both are broker averages and may exclude fees and taxes. Flycraft's midsize class rate ($9,500 to $10,500 per hour) is far higher and appears to be a jet card or all-in class figure; not used for this row."
citation-sovereign.range_4_pax,Range with 4 passengers,Citation Sovereign,Plane-specific,2829,2620,2920,nautical miles,Published,Jetcraft Jetstream: Citation Sovereign overview (2004-2013),https://www.jetcraft.com/jetstream/2018/11/citation-sovereign-overview-2004-2013/,2018-11-19,Medium,"Jetcraft gives 2,829 nm with 4 passengers and NBAA IFR reserves for the original Sovereign. Radar (citing the Cessna 2008 brochure) gives 2,847 nm maximum range with NBAA IFR reserves and a 200 nm alternate, payload not stated (within 1%). Flycraft gives 2,920 nm. Low end: Private Jet Card Comparisons 2,620 nm; Aviation Week aircraft overview 2,730 nm. Figures of 3,000 to 3,200 nm are for the Sovereign+ and are not used."
citation-sovereign.cruise_speed,Cruise speed,Citation Sovereign,Plane-specific,458,445,460,knots,Published,Radar: Cessna Citation Sovereign (citing Cessna 2008 brochure),https://www.useradar.com/aircraft/models/cessna-citation-sovereign,read 2026-10-06,Medium,"Maximum cruise, true airspeed. Flycraft gives 460 kt. Jetcraft (2018) gives 445 kt maximum cruise and 397 kt long-range cruise."
citation-sovereign.seats,Seats (typical),Citation Sovereign,Plane-specific,9,8,12,passengers,Published,"Textron Aviation pre-owned spec sheet, 2009 Citation Sovereign 680-0263",https://txtav.com/-/media/textron-aviation/images/preowned/6800263/680-0263_marketing-photos--specs.pdf,read 2026-10-06,Medium,Textron (manufacturer) spec sheet: main cabin seating for nine in a double club plus one forward side-facing seat. Jetcraft also says typical 9. BJT (2023) describes eight club seats. Maximum certified is 12 (Aviation Week; Flycraft says up to 12).
citation-sovereign.cabin_height,Cabin height,Citation Sovereign,Plane-specific,68,,,inches,Published,"Aviation Week: Aircraft Overview, Citation Sovereign",https://aviationweek.com/business-aviation/aircraft-overview/aircraft-overview-citation-sovereign,read 2026-10-06,Medium,"68 in, in the dropped aisle. Radar (manufacturer and type certificate figures) and BJT (2023, 5.7 ft) agree."
citation-sovereign.cabin_width,Cabin width,Citation Sovereign,Plane-specific,66,,,inches,Published,"Aviation Week: Aircraft Overview, Citation Sovereign",https://aviationweek.com/business-aviation/aircraft-overview/aircraft-overview-citation-sovereign,read 2026-10-06,Medium,"Radar and BJT (2023, 5.5 ft) agree."
citation-sovereign.cabin_length,Cabin length,Citation Sovereign,Plane-specific,303,,,inches,Published,"Aviation Week: Aircraft Overview, Citation Sovereign",https://aviationweek.com/business-aviation/aircraft-overview/aircraft-overview-citation-sovereign,read 2026-10-06,Medium,"25 ft 3 in. Radar and BJT (2023, 25.25 ft) agree. Sources do not say what is included; Cessna normally measures from the cockpit divider to the aft pressure bulkhead, so it excludes the cockpit and the tailcone baggage compartment but includes the lavatory. Cabin volume 571 cu ft (Jetcraft, BJT)."
citation-sovereign.stand_up_cabin,Stand-up cabin (6 ft or more),Citation Sovereign,Plane-specific,No,,,yes/no,Published,Derived from cabin height (Aviation Week),https://aviationweek.com/business-aviation/aircraft-overview/aircraft-overview-citation-sovereign,read 2026-10-06,Medium,Derived: cabin height 68 in is below 72 in.
citation-sovereign.flat_floor,Flat floor,Citation Sovereign,Plane-specific,No,,,yes/no,Published,Business Jet Traveler: The Citation Sovereign still reigns supreme (Mark Huber),https://bjtonline.com/business-jet-news/the-citation-sovereign-still-reigns-supreme,2023-10-01,Medium,"BJT: ""The trenched drop-floor center aisle provides 68 inches of headroom."" Same fuselage cross-section as the Citation Excel/XLS. Article date given as October 2023 (day not shown)."
citation-sovereign.enclosed_lavatory,Enclosed lavatory,Citation Sovereign,Plane-specific,Yes,,,yes/no,Published,"Textron Aviation pre-owned spec sheet, 2009 Citation Sovereign 680-0263",https://txtav.com/-/media/textron-aviation/images/preowned/6800263/680-0263_marketing-photos--specs.pdf,read 2026-10-06,Medium,"Textron spec sheet: right-hand aft non-belted, flushing, externally serviceable toilet in the lavatory, with a left-hand aft vanity; the lavatory is a separate aft compartment. Non-belted, so it is not a passenger seat. Radar seat map also shows an aft lavatory. Completions vary."
citation-sovereign.bag_space,Bag space,Citation Sovereign,Plane-specific,135,100,135,cubic feet,Published,Business Jet Traveler: The Citation Sovereign still reigns supreme (Mark Huber),https://bjtonline.com/business-jet-news/the-citation-sovereign-still-reigns-supreme,2023-10-01,Medium,Total: 100 cu ft tailcone (external) baggage compartment plus 35 cu ft internal (BJT; spec table is for the current model but the fuselage is unchanged). Flycraft gives 100 cu ft (external only).
citation-sovereign.takeoff_distance,"Takeoff distance (max weight, sea level, standard day)",Citation Sovereign,Plane-specific,3640,3640,3694,feet,Published,Jetcraft Jetstream: Citation Sovereign overview (2004-2013),https://www.jetcraft.com/jetstream/2018/11/citation-sovereign-overview-2004-2013/,2018-11-19,Medium,"Jetcraft: 3,640 ft at sea level, standard day, maximum takeoff weight 30,300 lb. Aviation Week aircraft overview gives 3,694 ft (1.5% longer). The Sovereign+ figure of 3,530 ft is not used. FAA TCDS T00012WI not read (it does not list takeoff distance)."
citation-sovereign.fuel_burn,Fuel burn,Citation Sovereign,Plane-specific,281,247,281,gallons per hour,Published,Flycraft: Cessna Citation Sovereign ownership and operating costs,https://www.flycraft.com/ownership-cost/cessna-citation-sovereign-ownership-operating-costs,2024-12-12,Medium,"Conklin & de Decker average hourly fuel burn, via Private Jet Card Comparisons, as shown on Flycraft. Cross-check: Jetcraft (2018) 247 gph, 12% lower."
citation-sovereign.maintenance_per_hour,Maintenance (labor and parts),Citation Sovereign,Class-wide,1050,800,1600,dollars per hour,Published,Flycraft: Cessna Citation Sovereign ownership and operating costs,https://www.flycraft.com/ownership-cost/cessna-citation-sovereign-ownership-operating-costs,2024-12-12,Low,"Flycraft midsize class midpoint ($800 to $1,300), used because this app classes the Sovereign as Midsize. Flycraft itself puts the Sovereign in super-midsize, where its midpoint is $1,300 ($1,000 to $1,600); the high end covers that. No model-specific published figure found (aircraftcostcalculator.com refused access)."
citation-sovereign.engine_reserve_per_hour,Engine reserve (both engines),Citation Sovereign,Class-wide,700,550,1000,dollars per hour,Published,Flycraft: Cessna Citation Sovereign ownership and operating costs,https://www.flycraft.com/ownership-cost/cessna-citation-sovereign-ownership-operating-costs,2024-12-12,Low,"Flycraft midsize class midpoint (2 engines x $275 to $425), used because this app classes the Sovereign as Midsize. Flycraft's super-midsize figure ($825; 2 x $325 to $500) is covered by the high end. Not Sovereign-specific. No PW306C engine program rate found on an allowed source."
citation-sovereign.purchase_price,"Purchase price (typical, for the most commonly sold build years)",Citation Sovereign,Plane-specific,6000000,5000000,6600000,dollars,Published,Radar: Cessna Citation Sovereign listing-based estimates,https://www.useradar.com/aircraft/models/cessna-citation-sovereign,read 2026-10-06,Low,"Build years 2005 to 2009 (most commonly sold, FAA registry). Value is the median of the 9 Radar listing-based estimates for 2005, 2007 and 2008 aircraft (no 2006 or 2009 aircraft on Radar); they run $5.0M to $8.7M (one 2005 at $8.7M is an outlier). Radar's overall figure for the original Sovereign is about $6.4M. BJT (Oct 2023, citing Vref) gives $6.6M to $10.8M for used original Sovereigns across all years (2004-2013); its low end is used as high here because the window is the older half of production. Elliott Jets Winter 2026 says values rose two quarters in a row. Radar estimates are rough and from listings, not sales."
citation-sovereign.yearly_value_loss,Yearly value loss,Citation Sovereign,Plane-specific,6.0,5.6,6.6,percent per year,Published,Radar: Cessna Citation Sovereign listing-based estimates,https://www.useradar.com/aircraft/models/cessna-citation-sovereign,read 2026-10-06,Low,"Method: fit of log(price) against build year across Radar's 17 estimates for original Sovereigns built 2004-2012. All points: 5.6% higher value per newer build year; using each year's median: 6.6%. Value is the rounded middle. Inside the window (2005-2008) the medians are flat ($6.1M, $5.8M, $6.2M), so the slope comes mostly from the 2010-2012 aircraft. Treated as the yearly value loss as the aircraft ages one year."
citation-sovereign.charter_rate,"Charter rate (whole plane, per flight hour, before tax and fees)",Citation Sovereign,Class-wide,5000,3600,10500,dollars per hour,Our assumption,Mercury Jets: Charter a Citation Sovereign,https://www.mercuryjets.com/citation-sovereign/,read 2026-10-06,Low,"What this is: the base price a charter customer pays for the whole plane and crew per flight hour, before the 7.5% federal excise tax, landing and handling fees and crew overnight costs. Owner income = charter hours x this rate x the owner's share. Decision 6 Oct 2026: one charter rate for every midsize jet so no jet is favoured by a stale or template web page. 5,000 is the median of the per-model broker rates found for midsize jets (Citation XLS 4,207 PrivateFly; Sovereign 5,000 Mercury Jets; Hawker 800XP 5,000 and Learjet 60 5,200 Paramount Business Jets). Low 3,600 is the lowest model quote (Mercury Jets, XLS); high 10,500 is Flycraft's published midsize class rate, which looks like an all-in or jet-card price. The source link is this jet's own model page. This jet's model-page figure before the decision: 5000. Original note: Broker average, ""around $5,000 per hour""; no date. Search results showed other broker figures of about $4,500 to $6,000 per hour, not read. Flycraft super-midsize pages show no charter rate."
citation-latitude.range_4_pax,Range with 4 passengers,Citation Latitude,Plane-specific,2700,,,nautical miles,Published,"Textron Aviation, Citation Latitude product card",https://txtav.com/-/media/cessna/files/product-cards/citation/citation_latitude_product_card.pdf,read 2026-10-06,High,"Card (copyright 2025): range based on a four-passenger mission at high-speed cruise with NBAA IFR reserves, zero wind. Flycraft (2024-12-12) also shows 2,700 nm. Older BJT figure of 2,455 nm is with all seats full at long-range cruise, not comparable."
citation-latitude.cruise_speed,Cruise speed,Citation Latitude,Plane-specific,446,,,knots,Published,"Textron Aviation, Citation Latitude product card",https://txtav.com/-/media/cessna/files/product-cards/citation/citation_latitude_product_card.pdf,read 2026-10-06,High,"Maximum cruise speed, true airspeed. Flycraft (2024-12-12) also shows 446 knots. Guardian Jet lists long-range cruise as 371 knots."
citation-latitude.seats,Seats (typical),Citation Latitude,Plane-specific,9,8,9,passengers,Published,"Textron Aviation, Citation Latitude product card",https://txtav.com/-/media/cessna/files/product-cards/citation/citation_latitude_product_card.pdf,read 2026-10-06,High,"Card says nine passenger seats are standard and maximum passengers is 9. Radar seat map shows the typical 9-seat layout counts one belted seat in the aft lavatory, so 8 cabin seats plus the lavatory seat. Flycraft says up to 9."
citation-latitude.cabin_height,Cabin height,Citation Latitude,Plane-specific,72,,,inches,Published,"Textron Aviation, Citation Latitude product card",https://txtav.com/-/media/cessna/files/product-cards/citation/citation_latitude_product_card.pdf,read 2026-10-06,High,72 in (1.83 m). Textron calls it a six-foot stand-up cabin.
citation-latitude.cabin_width,Cabin width,Citation Latitude,Plane-specific,77,,,inches,Published,"Textron Aviation, Citation Latitude product card",https://txtav.com/-/media/cessna/files/product-cards/citation/citation_latitude_product_card.pdf,read 2026-10-06,High,77 in (1.96 m).
citation-latitude.cabin_length,Cabin length,Citation Latitude,Plane-specific,261,,,inches,Published,"Textron Aviation, Citation Latitude product card",https://txtav.com/-/media/cessna/files/product-cards/citation/citation_latitude_product_card.pdf,read 2026-10-06,High,"21 ft 9 in (6.63 m). The card does not say what the figure includes; it is the cabin only (not the cockpit) and appears to run to the aft pressure bulkhead including the lavatory. Guardian Jet lists 17 ft 3 in, which looks like the seating area only."
citation-latitude.stand_up_cabin,Stand-up cabin (6 ft or more),Citation Latitude,Plane-specific,Yes,,,yes/no,Published,"Textron Aviation, Citation Latitude product card",https://txtav.com/-/media/cessna/files/product-cards/citation/citation_latitude_product_card.pdf,read 2026-10-06,High,Derived: cabin height 72 in is 72 in or more. Exactly at the threshold.
citation-latitude.flat_floor,Flat floor,Citation Latitude,Plane-specific,Yes,,,yes/no,Published,"Textron Aviation, Citation Latitude product card",https://txtav.com/-/media/cessna/files/product-cards/citation/citation_latitude_product_card.pdf,read 2026-10-06,High,"Card: ""a leader in comfort with a flat floor and a six-foot stand-up cabin"". Textron web page says the same."
citation-latitude.enclosed_lavatory,Enclosed lavatory,Citation Latitude,Plane-specific,Yes,,,yes/no,Published,"Textron Aviation, Citation Latitude product card",https://txtav.com/-/media/cessna/files/product-cards/citation/citation_latitude_product_card.pdf,read 2026-10-06,Medium,"Card lists a ""best-in-class spacious lavatory"" as standard (aft). Radar seat map shows a belted seat in the aft lavatory, so the toilet is belted and usable in flight. A door is standard per the layout but the card does not state it in words; external servicing not confirmed by a manufacturer source."
citation-latitude.bag_space,Bag space,Citation Latitude,Plane-specific,127,,,cubic feet,Published,"Textron Aviation, Citation Latitude web page",https://cessna.txtav.com/en/citation/latitude,read 2026-10-06,High,"Total 127 cu ft: external aft compartment up to 100 cu ft and 1,000 lb (Textron page), the rest (about 27 cu ft) inside the cabin. Flycraft (2024-12-12) and Radar also show 127 cu ft."
citation-latitude.takeoff_distance,"Takeoff distance (max weight, sea level, standard day)",Citation Latitude,Plane-specific,3580,3580,3760,feet,Published,"Textron Aviation, Citation Latitude product card",https://txtav.com/-/media/cessna/files/product-cards/citation/citation_latitude_product_card.pdf,read 2026-10-06,High,"Card: takeoff field length at maximum takeoff weight, sea level, level dry paved runway, standard conditions. BJT lists 3,760 ft balanced field length (older figure); Guardian Jet lists 3,580 ft."
citation-latitude.fuel_burn,Fuel burn,Citation Latitude,Plane-specific,315,,,gallons per hour,Published,"Flycraft (CRAFT), Citation Latitude ownership costs page",https://www.flycraft.com/ownership-cost/cessna-citation-latitude-ownership-operating-costs,2024-12-12,Low,"Conklin & de Decker average hourly fuel burn, via Private Jet Card Comparisons, as shown by Flycraft. No second published figure was read (aircraftcostcalculator.com blocked). A search snippet quoting 210 gph was not traceable to a readable source and was not used."
citation-latitude.maintenance_per_hour,Maintenance (labor and parts),Citation Latitude,Class-wide,1050,800,1300,dollars per hour,Published,"Flycraft (CRAFT), Citation Latitude ownership costs page",https://www.flycraft.com/ownership-cost/cessna-citation-latitude-ownership-operating-costs,2024-12-12,Low,"This is the CRAFT midsize class midpoint (range 800 to 1,300), the same for every midsize jet, not a Latitude figure. Model-specific published figure: Not found (aircraftcostcalculator.com blocked; no press review with a Latitude maintenance rate found). Use the class figure."
citation-latitude.engine_reserve_per_hour,Engine reserve (both engines),Citation Latitude,Class-wide,700,550,850,dollars per hour,Published,"Flycraft (CRAFT), Citation Latitude ownership costs page",https://www.flycraft.com/ownership-cost/cessna-citation-latitude-ownership-operating-costs,2024-12-12,Low,CRAFT midsize class midpoint: 2 engines x 275 to 425 dollars per hour. Not a Latitude figure. A published Pratt & Whitney Canada ESP rate for the PW306D1: Not found (P&WC only announced reduced rates in 2017 without numbers). Use the class figure.
citation-latitude.purchase_price,"Purchase price (typical, for the most commonly sold build years)",Citation Latitude,Plane-specific,15500000,11500000,17500000,dollars,Published,Radar (useradar.com) Citation Latitude page,https://www.useradar.com/aircraft/models/cessna-citation-latitude,read 2026-10-06,Low,"Decision 6 Oct 2026: only one in-window point (Radar, 2018 aircraft, 16.3M, listing-based so likely above sale price). Aircraft Bluebook via ThePricer gives 17.5M-19.5M for 2020-2024 builds; taking its 18.5M midpoint for a 2022 build and stepping back 4 years at the 6% midsize value-loss rate gives about 14.5M for a 2018 build. 15.5M is between the two. Low 11.5M is Guardian Jet's low end across all years; high 17.5M is the Bluebook low end for 2020-2024 builds. See price_points.csv."
citation-latitude.yearly_value_loss,Yearly value loss,Citation Latitude,Plane-specific,6.0,2.6,6.7,percent per year,Our assumption,Computed from Radar (useradar.com) price points by build year,https://www.useradar.com/aircraft/models/cessna-citation-latitude,read 2026-10-06,Low,"Decision 6 Oct 2026: the model's own figure (3.3%) rests on thin or borrowed data, so the midsize class figure is used: 6.0% is the median of the yearly value loss measured for the other midsize jets (Sovereign 6.0, Hawker 800XP 6, Learjet 60 6.9). Low and high keep the spread from the model's own data. Original note: Method: geometric average yearly change between build years. Radar 2018 at 16.3M vs 2021 at 18.0M gives 3.3%/yr; 2018 vs 2025 (average 19.55M) gives 2.6%/yr; Guardian Jet range 11.5M (2016) to 23M (2026) gives 6.7%/yr. Flag: 2.6 to 3.3 is at or below the 3% sanity floor; Radar estimates are few (5 aircraft) and noisy (a 2022 is at 16.3M, same as the 2018). Consider using the published midsize class rate instead."
citation-latitude.charter_rate,"Charter rate (whole plane, per flight hour, before tax and fees)",Citation Latitude,Class-wide,5000,3600,10500,dollars per hour,Our assumption,"Ace Jet, Citation Latitude charter page",https://acejet.com/aircraft/type/cessna-citation-latitude/,read 2026-10-06,Low,"What this is: the base price a charter customer pays for the whole plane and crew per flight hour, before the 7.5% federal excise tax, landing and handling fees and crew overnight costs. Owner income = charter hours x this rate x the owner's share. Decision 6 Oct 2026: one charter rate for every midsize jet so no jet is favoured by a stale or template web page. 5,000 is the median of the per-model broker rates found for midsize jets (Citation XLS 4,207 PrivateFly; Sovereign 5,000 Mercury Jets; Hawker 800XP 5,000 and Learjet 60 5,200 Paramount Business Jets). Low 3,600 is the lowest model quote (Mercury Jets, XLS); high 10,500 is Flycraft's published midsize class rate, which looks like an all-in or jet-card price. The source link is this jet's own model page. This jet's model-page figure before the decision: 10000. Original note: Ace Jet: 7,500 (booked 3+ weeks ahead, off-peak) to 12,500 (same week, peak), typical 10,000 for a weekday booked 1 to 2 weeks out. Flycraft midsize class rate 9,500 to 10,500 agrees. Mercury Jets lists 4,100 to 5,550 (undated, looks out of date). Ace Jet shows identical rates on its Citation X page, so its figures look like a template rather than model-specific. Wide disagreement, so Low."
citation-x.range_4_pax,Range with 4 passengers,Citation X,Plane-specific,3125,2890,3140,nautical miles,Published,"AvBuyer article (Mike Chase), Citation X vs X+ vs Legacy 450",https://www.avbuyer.com/articles/jet-comparisons/cessna-citation-x-vs-citation-x-plus-vs-embraer-legacy-450-112112,2018-02-28,Medium,"AvBuyer: 3,125 nm with four passengers and available fuel (reserves not stated). Flycraft 3,140 nm agrees. BJT 2,890 nm is all seats full, long-range cruise, NBAA IFR 200 nm alternate reserves. Radar variant panel for the original X also shows 2,890 nm. Original Citation X only (750-0001 to about 750-0333, 1996 to 2012), not the X+. No manufacturer spec for the original X could be read (Textron pages now show the X+; web.archive.org returned 429)."
citation-x.cruise_speed,Cruise speed,Citation X,Plane-specific,525,,,knots,Published,"Business Jet Traveler, Cessna Citation X",https://www.bjtonline.com/aircraft/cessna-citation-x,2026-06-11,Medium,"Maximum cruise speed 525 knots true airspeed (Mach 0.92 maximum operating). Flycraft (2024-12-12) and Radar original-X panel also show 525 knots. Original Citation X only (750-0001 to about 750-0333, 1996 to 2012), not the X+. No manufacturer spec for the original X could be read (Textron pages now show the X+; web.archive.org returned 429)."
citation-x.seats,Seats (typical),Citation X,Plane-specific,8,8,12,passengers,Published,"Business Jet Traveler, Cessna Citation X",https://www.bjtonline.com/aircraft/cessna-citation-x,2026-06-11,Medium,BJT: 8 typical. AvBuyer (2018) also says eight passengers; Radar seat map shows a typical 8-seat double club. Maximum configuration 12 (Radar); Flycraft says up to 9.
citation-x.cabin_height,Cabin height,Citation X,Plane-specific,68,67,68,inches,Published,"AvBuyer article (Mike Chase), Citation X vs X+ vs Legacy 450",https://www.avbuyer.com/articles/jet-comparisons/cessna-citation-x-vs-citation-x-plus-vs-embraer-legacy-450-112112,2018-02-28,Medium,"AvBuyer 5.7 ft (68 in). Evo Jets 5 ft 7 in (67 in). Radar shows 5 ft 8 in for the X+, which has the same fuselage cross-section. Height is measured in the dropped aisle. Original Citation X only (750-0001 to about 750-0333, 1996 to 2012), not the X+. No manufacturer spec for the original X could be read (Textron pages now show the X+; web.archive.org returned 429)."
citation-x.cabin_width,Cabin width,Citation X,Plane-specific,66,66,67,inches,Published,"AvBuyer article (Mike Chase), Citation X vs X+ vs Legacy 450",https://www.avbuyer.com/articles/jet-comparisons/cessna-citation-x-vs-citation-x-plus-vs-embraer-legacy-450-112112,2018-02-28,Medium,"AvBuyer 5.5 ft (66 in); Evo Jets 5 ft 6 in (66 in); Liberty Jet 5.6 ft (67 in). Original Citation X only (750-0001 to about 750-0333, 1996 to 2012), not the X+. No manufacturer spec for the original X could be read (Textron pages now show the X+; web.archive.org returned 429)."
citation-x.cabin_length,Cabin length,Citation X,Plane-specific,287,283,287,inches,Published,"AvBuyer article (Mike Chase), Citation X vs X+ vs Legacy 450",https://www.avbuyer.com/articles/jet-comparisons/cessna-citation-x-vs-citation-x-plus-vs-embraer-legacy-450-112112,2018-02-28,Medium,"AvBuyer 23.92 ft (23 ft 11 in, 287 in); Evo Jets 23 ft 7 in (283 in). Cross-check: the X+ cabin is 25 ft 2 in (302 in) after a stretch of about 14 to 15 in, which matches 287 in. Cabin only, excluding cockpit; whether it includes the aft lavatory is not stated. Original Citation X only (750-0001 to about 750-0333, 1996 to 2012), not the X+. No manufacturer spec for the original X could be read (Textron pages now show the X+; web.archive.org returned 429)."
citation-x.stand_up_cabin,Stand-up cabin (6 ft or more),Citation X,Plane-specific,No,,,yes/no,Published,"AvBuyer article (Mike Chase), Citation X vs X+ vs Legacy 450",https://www.avbuyer.com/articles/jet-comparisons/cessna-citation-x-vs-citation-x-plus-vs-embraer-legacy-450-112112,2018-02-28,Medium,"Derived: cabin height 68 in is below 72 in, even measured in the dropped aisle."
citation-x.flat_floor,Flat floor,Citation X,Plane-specific,No,,,yes/no,Published,"AOPA Pilot, From the Editor: Going upscale (Thomas A. Horne)",https://www.aopa.org/news-and-media/all-news/2018/september/pilot/turbine-from-the-editor-going-upscale,2018-09-01,Medium,The Citation X has a dropped center aisle: the floor is lowered along the aisle and passengers step up into seats. AOPA editorial describes this in discussing the Citation X versus the flat-floor Longitude.
citation-x.enclosed_lavatory,Enclosed lavatory,Citation X,Plane-specific,Yes,,,yes/no,Published,"Evo Jets, Citation X charter page",https://evojets.com/citation-x-charter,read 2026-10-06,Low,"Evo Jets: ""private lavatory with plenty of space to double as a dressing room"" (aft). Radar seat map also shows an aft lavatory. Whether the toilet is belted or externally serviced: Not found."
citation-x.bag_space,Bag space,Citation X,Plane-specific,82,72,82,cubic feet,Published,"Evo Jets, Citation X charter page",https://evojets.com/citation-x-charter,read 2026-10-06,Medium,"Evo Jets 82 cu ft (pressurized, heated tail-cone compartment); Ace Jet also 82 cu ft. Flycraft (2024-12-12) shows 72 cu ft, which may be the external compartment only. Liberty Jet and Radar 104 cu ft refer to the X+. Original Citation X only (750-0001 to about 750-0333, 1996 to 2012), not the X+. No manufacturer spec for the original X could be read (Textron pages now show the X+; web.archive.org returned 429)."
citation-x.takeoff_distance,"Takeoff distance (max weight, sea level, standard day)",Citation X,Plane-specific,5250,,,feet,Published,"Business Jet Traveler, Cessna Citation X",https://www.bjtonline.com/aircraft/cessna-citation-x,2026-06-11,Low,"BJT balanced field length 5,250 ft (1,600 m) at maximum takeoff weight 36,100 lb (later AE3007C1 aircraft, S/N 0173 on). Aircraft built 1997 to 2001 have the earlier AE3007C engines and lower maximum weight (35,700 lb per type certificate data cited on Wikipedia); their figure may differ. Manufacturer figure: Not found."
citation-x.fuel_burn,Fuel burn,Citation X,Plane-specific,386,293,386,gallons per hour,Published,"Flycraft (CRAFT), Citation X ownership costs page",https://www.flycraft.com/ownership-cost/cessna-citation-x-ownership-operating-costs,2024-12-12,Low,"Conklin & de Decker average hourly fuel burn, via Private Jet Card Comparisons, as shown by Flycraft. Liberty Jet lists 293 gph (undated, source unstated). Flycraft page may mix X and X+; neither source separates them."
citation-x.maintenance_per_hour,Maintenance (labor and parts),Citation X,Class-wide,1300,1000,1600,dollars per hour,Published,"Flycraft (CRAFT), Citation X ownership costs page",https://www.flycraft.com/ownership-cost/cessna-citation-x-ownership-operating-costs,2024-12-12,Low,"CRAFT super-midsize class midpoint (range 1,000 to 1,600), the same for every super-midsize jet, not a Citation X figure. Model-specific published figure: Not found (aircraftcostcalculator.com blocked). A 25+ year old Citation X likely sits at the top of the class range; consider using the high value."
citation-x.engine_reserve_per_hour,Engine reserve (both engines),Citation X,Class-wide,825,650,1000,dollars per hour,Published,"Flycraft (CRAFT), Citation X ownership costs page",https://www.flycraft.com/ownership-cost/cessna-citation-x-ownership-operating-costs,2024-12-12,Low,CRAFT super-midsize class midpoint: 2 engines x 325 to 500 dollars per hour. Not a Citation X figure. Published Rolls-Royce CorporateCare rate for the AE3007C/C1: Not found.
citation-x.purchase_price,"Purchase price (typical, for the most commonly sold build years)",Citation X,Plane-specific,3000000,2400000,3400000,dollars,Published,Radar (useradar.com) Citation X page,https://www.useradar.com/aircraft/models/cessna-citation-x,read 2026-10-06,Medium,"Build years 1997 to 2001. Median of 8 Radar listing-based estimates in the window (1997, 1999 x3, 2000 x4) is 3.0M; highest 3.4M (2000). BJT average asking price 3.0M (range 2.0M to 4.8M) agrees; BJT average sale price 2.4M (range 1.0M to 5.4M) used as the low. Radar original-X variant value: about 3.5M (all years 1996 to 2012). See g2.prices.csv."
citation-x.yearly_value_loss,Yearly value loss,Citation X,Plane-specific,6.0,0,11.6,percent per year,Our assumption,Computed from Radar (useradar.com) price points by build year,https://www.useradar.com/aircraft/models/cessna-citation-x,read 2026-10-06,Low,"Method: geometric average yearly change between build-year medians. 1997 (3.0M) to 2004 (4.62M): 6.0%/yr. Within the window (1997 to 2001) prices are flat at about 3.0M (0%/yr), i.e. values are near a floor. 2000 (3.0M) to 2002 (3.7M): 10.0%/yr. AvBuyer (2018) says a 10-year-old Citation X was worth 29% of new, i.e. 11.6%/yr over its first 10 years (used as high)."
citation-x.charter_rate,"Charter rate (whole plane, per flight hour, before tax and fees)",Citation X,Class-wide,7500,5175,12000,dollars per hour,Our assumption,"Ace Jet, Citation X charter page",https://acejet.com/aircraft/type/citation-x/,read 2026-10-06,Low,"What this is: the base price a charter customer pays for the whole plane and crew per flight hour, before the 7.5% federal excise tax, landing and handling fees and crew overnight costs. Owner income = charter hours x this rate x the owner's share. Decision 6 Oct 2026: one charter rate for every super-midsize jet. 7,500 is the median of the per-model broker rates found (Challenger 300 7,738 and Challenger 350 5,963 Air Charter Advisors; G280 and Praetor 600 7,500 Paramount Business Jets; the Citation X template page was left out). Low 5,175 is the lowest model quote (Air Charter Advisors, Challenger 350); high 12,000 is the super-midsize class rate cited by Flycraft and Radar. This jet's model-page figure before the decision: 10000. Original note: Ace Jet: about 7,500 (booked 3+ weeks ahead) to 12,500 (same week, peak), typical 10,000. Covers X and X+ together. Radar shows super-midsize class rate from about 12,000 (citing Flycraft). Evo Jets lists 3,800 to 4,500 and Ace Jet also mentions older guidance of 5,000 to 5,500; both look out of date."
hawker-800xp.range_4_pax,Range with 4 passengers,Hawker 800XP,Plane-specific,2540,2470,2540,nautical miles,Published,"Radar, Hawker 800XP model page",https://www.useradar.com/aircraft/models/hawker-800xp,read 2026-10-06,Medium,"Radar quotes 2,540 nm for 4 passengers (800 lb payload) with NBAA IFR reserves from the Raytheon 2003 spec sheet. The archived Raytheon PDF itself could not be opened (web.archive.org blocked). Flycraft 2,539 nm and Guardian Jet 2,539 nm agree. Low end: Business Jet Traveler directory and Aviation Week 2021 give 2,470 nm (BJT says with all seats full)."
hawker-800xp.cruise_speed,Cruise speed,Hawker 800XP,Plane-specific,447,447,449,knots,Published,"Radar, Hawker 800XP model page",https://www.useradar.com/aircraft/models/hawker-800xp,read 2026-10-06,Medium,"High-speed cruise, true airspeed, from the Raytheon spec as relayed by Radar. Paramount Business Jets also gives 447 knots at 37,000 ft. Flycraft and Business Jet Traveler give 449 knots maximum cruise. Long-range cruise is 402 knots (Aviation Week 2021)."
hawker-800xp.seats,Seats (typical),Hawker 800XP,Plane-specific,8,8,8,passengers,Published,"Business Jet Traveler aircraft directory, Hawker 800XP",https://www.bjtonline.com/aircraft/beechcraft-hawker-800xp,2026-06-11,Medium,Typical executive layout of 8 passengers (Business Jet Traveler directory; Guardian Jet and Aviation Week 2021 also say 8; Flycraft says up to 8). Maximum certified seating is up to 15. Manufacturer spec sheet not reachable.
hawker-800xp.cabin_height,Cabin height,Hawker 800XP,Plane-specific,69,69,72,inches,Published,"Radar, Hawker 800XP model page",https://www.useradar.com/aircraft/models/hawker-800xp,read 2026-10-06,Medium,"Radar gives 5 ft 9 in from manufacturer and type certificate figures. Business Jet Traveler (5.75 ft) and Guardian Jet (5 ft 9 in) agree. Paramount Business Jets rounds to 6 ft (high end), which is not used."
hawker-800xp.cabin_width,Cabin width,Hawker 800XP,Plane-specific,72,72,72,inches,Published,"Radar, Hawker 800XP model page",https://www.useradar.com/aircraft/models/hawker-800xp,read 2026-10-06,Medium,"6 ft 0 in (Radar); Business Jet Traveler, Guardian Jet and Aviation Week 2021 all give 6 ft. Floor width is about 4.4 ft (Paramount Business Jets)."
hawker-800xp.cabin_length,Cabin length,Hawker 800XP,Plane-specific,256,255,256,inches,Published,"Radar, Hawker 800XP model page",https://www.useradar.com/aircraft/models/hawker-800xp,read 2026-10-06,Medium,21 ft 4 in (Radar). Business Jet Traveler and Aviation Week give 21.3 ft (about 256 in); Guardian Jet gives 21 ft 3 in. Sources do not say whether the figure includes the lavatory and baggage area; by industry convention it excludes the cockpit. Not confirmed against a manufacturer sheet.
hawker-800xp.stand_up_cabin,Stand-up cabin (6 ft or more),Hawker 800XP,Plane-specific,No,,,yes/no,Published,"Radar, Hawker 800XP model page",https://www.useradar.com/aircraft/models/hawker-800xp,read 2026-10-06,Medium,"Derived from cabin height of 69 inches, which is under 72 inches."
hawker-800xp.flat_floor,Flat floor,Hawker 800XP,Plane-specific,Yes,,,yes/no,Published,"Magellan Jets, Hawker 800XP / 850XP page",https://magellanjets.com/aircraft/hawker-800xp-850xp/,read 2026-10-06,Low,"Magellan Jets (a charter and sales broker) describes a ""flat-floor cabin layout"". No manufacturer source found to confirm. A web search summary also described a flat floor, but no second page was read to confirm it."
hawker-800xp.enclosed_lavatory,Enclosed lavatory,Hawker 800XP,Plane-specific,Yes,,,yes/no,Published,"Aviation Week, ""20/Twenty: Hawker 800XP, Enduring Value Years After Production"" (Bill Carey)",https://aviationweek.com/business-aviation/aircraft-propulsion/20twenty-hawker-800xp-enduring-value-years-after-production,2021-07-26,Low,"Aviation Week 2021 describes a ""large aft lavatory""; Radar seat map shows an aft lavatory. Whether it has a door, a belted seat certified for occupancy, or external servicing was not found in sources read."
hawker-800xp.bag_space,Bag space,Hawker 800XP,Plane-specific,48,48,50,cubic feet,Published,"Paramount Business Jets, Hawker 800XP charter page",https://www.paramountbusinessjets.com/private-jet-charter/aircraft/hawker-800xp,read 2026-10-06,Medium,"Paramount Business Jets and Magellan Jets give 48 cubic feet; Flycraft gives 49.5; Evo Jets says almost 50 cubic feet, all internal and reachable in flight. No external compartment as standard. Manufacturer total not found (Raytheon PDF blocked)."
hawker-800xp.takeoff_distance,"Takeoff distance (max weight, sea level, standard day)",Hawker 800XP,Plane-specific,5032,5030,5200,feet,Published,"Paramount Business Jets, Hawker 800XP charter page",https://www.paramountbusinessjets.com/private-jet-charter/aircraft/hawker-800xp,read 2026-10-06,Medium,"Paramount Business Jets gives 5,032 ft at sea level on a standard day; Aviation Week 2021 gives 5,030 ft. Business Jet Traveler and Guardian Jet list 5,200 ft balanced field length (high end)."
hawker-800xp.fuel_burn,Fuel burn,Hawker 800XP,Plane-specific,291,290,291,gallons per hour,Published,"Flycraft (Craft Charter LLC), Hawker 800XP ownership costs",https://www.flycraft.com/ownership-cost/hawker-800xp-ownership-operating-costs,2025-07-31,Medium,Conklin & de Decker average hourly fuel burn via Flycraft. Guardian Jet brochure also uses 291 gallons per hour; Evo Jets gives 290.
hawker-800xp.maintenance_per_hour,Maintenance (labor and parts),Hawker 800XP,Plane-specific,1339,1050,1339,dollars per hour,Published,"Guardian Jet, Hawker 800XP aircraft brochure",https://www.guardianjet.com/jet-aircraft-online-tools/aircraft-brochure.cfm?m=Hawker%2FTextron-800XP-143,read 2026-10-06,Low,"Guardian Jet brochure: maintenance 5-year average $1,339 per hour, listed separately from the engine program. Business Jet Traveler directory lists ""total maintenance cost per hour"" $1,298, but it is unclear whether that includes engine reserves. Low end is Flycraft's midsize class midpoint of $1,050 (class-wide, not model-specific). Guardian page shows no date."
hawker-800xp.engine_reserve_per_hour,Engine reserve (both engines),Hawker 800XP,Plane-specific,862,700,862,dollars per hour,Published,"Guardian Jet, Hawker 800XP aircraft brochure",https://www.guardianjet.com/jet-aircraft-online-tools/aircraft-brochure.cfm?m=Hawker%2FTextron-800XP-143,read 2026-10-06,Low,"Guardian Jet brochure: engine program reserve $862 per hour for both Honeywell TFE731-5BR engines (it also lists $300 per engine elsewhere on the page, which does not match). Low end is Flycraft's midsize class midpoint of $700 (2 x $275-$425). A published Honeywell MSP rate for this model was not read (only broker sale sheets mention it, around $318-$393 per engine in 2019-2020)."
hawker-800xp.purchase_price,"Purchase price (typical, for the most commonly sold build years)",Hawker 800XP,Plane-specific,2200000,1400000,2650000,dollars,Published,"Radar, Hawker 800XP model page",https://www.useradar.com/aircraft/models/hawker-800xp,read 2026-10-06,Low,"Decision 6 Oct 2026: Radar's estimates for 2001-2005 aircraft (median 2.65M) are built from listings, i.e. asking prices. Business Jet Traveler shows sale prices average about 18% below asking for this model (average sale 1.4M vs average asking 1.7M). Applying that 18% to 2.65M gives 2.2M, which matches the top of Evo Jets' 1.8M-2.2M broker range. Low 1.4M is BJT's whole-fleet average sale (older aircraft included); high 2.65M is the Radar median. See price_points.csv."
hawker-800xp.yearly_value_loss,Yearly value loss,Hawker 800XP,Plane-specific,6,5,7,percent per year,Our assumption,"Radar, Hawker 800XP model page",https://www.useradar.com/aircraft/models/hawker-800xp,read 2026-10-06,Low,"Our calculation. Log-linear fit of Radar estimates by build year: 5.2% per build year across 1996-2005, 6.9% across 1999-2005. Cross-check: 2005 aircraft new at $13.2M (Aviation Week 2021, Aircraft Bluebook) to about $3.35M in 2026 (Radar, average of two 2005 aircraft) is 6.3% a year over 21 years. Within the usual 3-15% band."
hawker-800xp.charter_rate,"Charter rate (whole plane, per flight hour, before tax and fees)",Hawker 800XP,Class-wide,5000,3600,10500,dollars per hour,Our assumption,"Paramount Business Jets, Hawker 800XP charter page",https://www.paramountbusinessjets.com/private-jet-charter/aircraft/hawker-800xp,read 2026-10-06,Low,"What this is: the base price a charter customer pays for the whole plane and crew per flight hour, before the 7.5% federal excise tax, landing and handling fees and crew overnight costs. Owner income = charter hours x this rate x the owner's share. Decision 6 Oct 2026: one charter rate for every midsize jet so no jet is favoured by a stale or template web page. 5,000 is the median of the per-model broker rates found for midsize jets (Citation XLS 4,207 PrivateFly; Sovereign 5,000 Mercury Jets; Hawker 800XP 5,000 and Learjet 60 5,200 Paramount Business Jets). Low 3,600 is the lowest model quote (Mercury Jets, XLS); high 10,500 is Flycraft's published midsize class rate, which looks like an all-in or jet-card price. The source link is this jet's own model page. This jet's model-page figure before the decision: 5000. Original note: Paramount Business Jets: average hourly rate around $5,000 for this model. Evo Jets gives $2,850-$3,350 (low end, probably dated). Flycraft and Radar give a midsize class rate of $9,500-$10,500 per hour (high end), which is a class figure, not model-specific. Sources disagree widely."
learjet-60.range_4_pax,Range with 4 passengers,Learjet 60,Plane-specific,2330,2134,2410,nautical miles,Published,"Radar, Learjet 60 model page",https://www.useradar.com/aircraft/models/learjet-60,read 2026-10-06,Medium,"Radar gives 2,330 nm, 4 passengers and 2 crew, NBAA IFR reserves, from the Learjet 1997 spec page (archived page itself blocked). Flycraft 2,310 nm agrees. Other figures: Elliott Jets 2,294; Wikipedia 2,410; Business Jet Traveler 2008 review 2,134 nm. Figures are for the original 60, which covers the 1997-2001 build years."
learjet-60.cruise_speed,Cruise speed,Learjet 60,Plane-specific,453,453,466,knots,Published,"Radar, Learjet 60 model page",https://www.useradar.com/aircraft/models/learjet-60,read 2026-10-06,Medium,"High-speed cruise, true airspeed, from the Learjet spec as relayed by Radar. Flycraft and Elliott Jets give 460 knots; Business Jet Traveler directory 465. The 60XR is listed at 436 knots by Radar."
learjet-60.seats,Seats (typical),Learjet 60,Plane-specific,7,6,7,passengers,Published,"Business Jet Traveler aircraft directory, Learjet 60",https://www.bjtonline.com/aircraft/bombardier-learjet-60,2026-06-11,Medium,Typical 7 passengers (Business Jet Traveler directory and 2008 review: five chairs plus a two-place divan; Guardian Jet 7; Flycraft up to 7). Aviation Week 2024 says six to seven. Maximum up to 10.
learjet-60.cabin_height,Cabin height,Learjet 60,Plane-specific,68,68,69,inches,Published,"Radar, Learjet 60 model page",https://www.useradar.com/aircraft/models/learjet-60,read 2026-10-06,Medium,Radar 5 ft 8 in; Business Jet Traveler 5.71 ft and its 2008 review 5.7 ft (measured in the lowered center aisle). Guardian Jet gives 5 ft 9 in.
learjet-60.cabin_width,Cabin width,Learjet 60,Plane-specific,71,70,71,inches,Published,"Radar, Learjet 60 model page",https://www.useradar.com/aircraft/models/learjet-60,read 2026-10-06,Medium,Radar 5 ft 11 in; Business Jet Traveler 5.92 ft. Guardian Jet 5 ft 10 in.
learjet-60.cabin_length,Cabin length,Learjet 60,Plane-specific,212,212,212,inches,Published,"Radar, Learjet 60 model page",https://www.useradar.com/aircraft/models/learjet-60,read 2026-10-06,Medium,"17 ft 8 in (Radar, Guardian Jet); Business Jet Traveler 17.67 ft. Sources do not say whether it includes the aft lavatory; by industry convention it excludes the cockpit."
learjet-60.stand_up_cabin,Stand-up cabin (6 ft or more),Learjet 60,Plane-specific,No,,,yes/no,Published,"Radar, Learjet 60 model page",https://www.useradar.com/aircraft/models/learjet-60,read 2026-10-06,Medium,"Derived from cabin height of 68 inches, which is under 72 inches."
learjet-60.flat_floor,Flat floor,Learjet 60,Plane-specific,No,,,yes/no,Published,"Business Jet Traveler, ""Learjet 60"" (used aircraft review)",https://www.bjtonline.com/business-jet-news/learjet-60,2008-08-04,Low,"Business Jet Traveler 2008 review: ""Headroom in the trenched center aisle is 5.7 feet"", which means a lowered aisle, not a flat floor. Not confirmed by a manufacturer source."
learjet-60.enclosed_lavatory,Enclosed lavatory,Learjet 60,Plane-specific,Yes,,,yes/no,Published,"Aviation Week, ""The Learjet 60: Solid Reliability, But Short Cabin"" (Fred George)",https://aviationweek.com/business-aviation/aircraft-propulsion/learjet-60-solid-reliability-short-cabin,2024-06-24,Medium,"Aviation Week 2024: full-width aft lavatory, externally serviced toilet. Business Jet Traveler 2008 also lists a rear lavatory. Whether the seat is belted for takeoff was not found."
learjet-60.bag_space,Bag space,Learjet 60,Plane-specific,48,48,55,cubic feet,Published,"Aviation Week, ""The Learjet 60: Solid Reliability, But Short Cabin"" (Fred George)",https://aviationweek.com/business-aviation/aircraft-propulsion/learjet-60-solid-reliability-short-cabin,2024-06-24,Medium,Aviation Week 2024: 24 cubic feet external aft compartment plus 24 cubic feet in the lavatory area/closet. Business Jet Traveler 2008 agrees (24 + 24). Flycraft gives 55 (high end). The 60XR has more (Elliott Jets says 59).
learjet-60.takeoff_distance,"Takeoff distance (max weight, sea level, standard day)",Learjet 60,Plane-specific,5450,5450,5920,feet,Published,"Aviation Week, ""The Learjet 60: Solid Reliability, But Short Cabin"" (Fred George)",https://aviationweek.com/business-aviation/aircraft-propulsion/learjet-60-solid-reliability-short-cabin,2024-06-24,Medium,"Aviation Week 2024: 5,450 ft at sea level, standard day; Paramount Business Jets agrees. Business Jet Traveler and Guardian Jet list 5,920 ft balanced field length (high end)."
learjet-60.fuel_burn,Fuel burn,Learjet 60,Plane-specific,219,219,240,gallons per hour,Published,"Flycraft (Craft Charter LLC), Learjet 60 ownership costs",https://www.flycraft.com/ownership-cost/bombardier-learjet-60-ownership-operating-costs,2024-12-12,Medium,"Conklin & de Decker average via Flycraft. Guardian Jet uses 239 and Evo Jets 240 gallons per hour (high end, 9% above). Aviation Week 2024 gives 1,800 lb in hour one, 1,400 in hour two, 1,300 in hour three and 1,200 after, which fits the 219-240 range at about 6.7 lb per gallon."
learjet-60.maintenance_per_hour,Maintenance (labor and parts),Learjet 60,Plane-specific,1204,1050,1204,dollars per hour,Published,"Guardian Jet, Learjet 60 aircraft brochure",https://www.guardianjet.com/jet-aircraft-online-tools/aircraft-brochure.cfm?m=Bombardier-Learjet-60-59,read 2026-10-06,Low,"Guardian Jet brochure: maintenance 5-year average $1,204 per hour, separate from the engine program. Business Jet Traveler directory lists ""total maintenance cost per hour"" $1,078 (unclear whether it includes engines). Low end is Flycraft's midsize class midpoint of $1,050 (class-wide). Guardian page shows no date."
learjet-60.engine_reserve_per_hour,Engine reserve (both engines),Learjet 60,Plane-specific,1000,700,1000,dollars per hour,Published,"Aviation Week, ""The Learjet 60: Solid Reliability, But Short Cabin"" (Fred George)",https://aviationweek.com/business-aviation/aircraft-propulsion/learjet-60-solid-reliability-short-cabin,2024-06-24,Medium,"Aviation Week 2024: engine reserves ""roughly $1,000 per hour for both PW305As"". Guardian Jet brochure gives $880 per hour for the engine program (12% lower, backs it up). Low end is Flycraft's midsize class midpoint of $700."
learjet-60.purchase_price,"Purchase price (typical, for the most commonly sold build years)",Learjet 60,Plane-specific,2000000,1150000,2600000,dollars,Published,"Radar, Learjet 60 model page",https://www.useradar.com/aircraft/models/learjet-60,read 2026-10-06,Medium,"Median of 7 Radar listing-based estimates for build years 1997-2001 ($1.15M-$2.6M). Aviation Week 2024 quotes Vref values from $1.15M (1993) to $2.4M (2004) for the original 60; a straight-line reading of that range gives about $1.8M for 1999 (our interpolation), within 10%. Business Jet Traveler average sale price $1.4M (all years). The 1994 Radar point ($3.5M) and the 60XR are excluded. See g3.prices.csv."
learjet-60.yearly_value_loss,Yearly value loss,Learjet 60,Plane-specific,6.9,6.6,6.9,percent per year,Our assumption,"Aviation Week, ""The Learjet 60: Solid Reliability, But Short Cabin"" (Fred George)",https://aviationweek.com/business-aviation/aircraft-propulsion/learjet-60-solid-reliability-short-cabin,2024-06-24,Low,"Our calculation. Aviation Week 2024 Vref range $1.15M (1993) to $2.4M (2004) is 6.9% per build year. Cross-check over time: Business Jet Traveler 2008 said a 1997 Learjet 60 averaged $6.9M; Radar now puts a 1997 aircraft at about $2.0M, which is 6.6% a year over 18 years. Radar points alone are too scattered to fit (2-5% depending on outliers). Within the usual 3-15% band."
learjet-60.charter_rate,"Charter rate (whole plane, per flight hour, before tax and fees)",Learjet 60,Class-wide,5000,3600,10500,dollars per hour,Our assumption,"Paramount Business Jets, Learjet 60 charter page",https://www.paramountbusinessjets.com/private-jet-charter/aircraft/learjet-60,read 2026-10-06,Low,"What this is: the base price a charter customer pays for the whole plane and crew per flight hour, before the 7.5% federal excise tax, landing and handling fees and crew overnight costs. Owner income = charter hours x this rate x the owner's share. Decision 6 Oct 2026: one charter rate for every midsize jet so no jet is favoured by a stale or template web page. 5,000 is the median of the per-model broker rates found for midsize jets (Citation XLS 4,207 PrivateFly; Sovereign 5,000 Mercury Jets; Hawker 800XP 5,000 and Learjet 60 5,200 Paramount Business Jets). Low 3,600 is the lowest model quote (Mercury Jets, XLS); high 10,500 is Flycraft's published midsize class rate, which looks like an all-in or jet-card price. The source link is this jet's own model page. This jet's model-page figure before the decision: 5200. Original note: Paramount Business Jets: average hourly rate around $5,200 for this model. Evo Jets $2,800-$3,300 (low end, probably dated). Flycraft and Radar give a midsize class rate of $9,500-$10,500 per hour (high end, class figure). Sources disagree widely."
challenger-300.range_4_pax,Range with 4 passengers,Challenger 300,Plane-specific,3220,3220,3250,nautical miles,Published,"Business Jet Traveler used jet review, Challenger 300 additional information (Conklin & de Decker data)",https://www.bjtonline.com/sites/default/files/pdfs/challenger300_addlinfo.pdf,2013-03-18,Medium,"Conklin & de Decker range for a 2004 Challenger 300 with four passengers, NBAA IFR reserves with a 200 nm alternate (as printed in Business Jet Traveler). Flycraft also shows 3,220 nm. Jetcraft (2018) gives 3,250 nm with 4 passengers under NBAA IFR (high end). No Bombardier factsheet for the 300 could be read (web archive copy refused the request)."
challenger-300.cruise_speed,Cruise speed,Challenger 300,Plane-specific,459,459,476,knots,Published,"Business Jet Traveler used jet review, Challenger 300 additional information (Conklin & de Decker data)",https://www.bjtonline.com/sites/default/files/pdfs/challenger300_addlinfo.pdf,2013-03-18,Medium,"Normal cruise speed, true airspeed, from Conklin & de Decker as printed in Business Jet Traveler (long-range cruise 459 kt, maximum cruise 476 kt). Jetcraft (2018) gives 459 kt long-range and 470 kt maximum cruise; Flycraft shows 460 kt, which backs up the value."
challenger-300.seats,Seats (typical),Challenger 300,Plane-specific,8,8,10,passengers,Published,"Business Jet Traveler used jet review, Challenger 300 additional information (Conklin & de Decker data)",https://www.bjtonline.com/sites/default/files/pdfs/challenger300_addlinfo.pdf,2013-03-18,Medium,Typical layout 2 crew and 8 passengers (Conklin & de Decker via Business Jet Traveler). Jetcraft (2018) also says typical layout is 8 passengers. Flycraft shows up to 10.
challenger-300.cabin_height,Cabin height,Challenger 300,Plane-specific,73,72,73,inches,Published,"Business Jet Traveler used jet review, Challenger 300 additional information (Conklin & de Decker data)",https://www.bjtonline.com/sites/default/files/pdfs/challenger300_addlinfo.pdf,2013-03-18,Medium,"6.08 ft (about 6 ft 1 in) from Conklin & de Decker via Business Jet Traveler. The Challenger 350 uses the same fuselage and Bombardier's current factsheet lists it as 6 ft 0 in (72 in), so the low end is 72 in. No Bombardier factsheet for the 300 itself was read."
challenger-300.cabin_width,Cabin width,Challenger 300,Plane-specific,86,,,inches,Published,"Business Jet Traveler used jet review, Challenger 300 additional information (Conklin & de Decker data)",https://www.bjtonline.com/sites/default/files/pdfs/challenger300_addlinfo.pdf,2013-03-18,Medium,"7.17 ft (7 ft 2 in) from Conklin & de Decker via Business Jet Traveler. Matches Bombardier's 7 ft 2 in for the Challenger 350, which shares the fuselage."
challenger-300.cabin_length,Cabin length,Challenger 300,Plane-specific,302,302,343,inches,Published,"Aviation Week, Aircraft Overview: Challenger 300/350",https://aviationweek.com/business-aviation/aircraft-overview/aircraft-overview-challenger-300350,read 2026-10-06,Medium,"25 ft 2 in, measured from the cockpit divider to the rear of the cabin, not counting the baggage compartment (Aviation Week overview of the Challenger 300/350, quoting Bombardier's definition). Conklin & de Decker via Business Jet Traveler gives 28.6 ft (343 in), which appears to use a different measuring method. Same fuselage as the Challenger 350 (Bombardier: 25 ft 2 in)."
challenger-300.stand_up_cabin,Stand-up cabin (6 ft or more),Challenger 300,Plane-specific,Yes,,,yes/no,Published,"Business Jet Traveler used jet review, Challenger 300 additional information (Conklin & de Decker data)",https://www.bjtonline.com/sites/default/files/pdfs/challenger300_addlinfo.pdf,2013-03-18,Medium,"Derived from cabin height of 72 to 73 in, which is at least 72 in (6 ft)."
challenger-300.flat_floor,Flat floor,Challenger 300,Plane-specific,Yes,,,yes/no,Published,"Bombardier, Challenger 350 brochure (2024)",https://bombardier.com/sites/default/files/2024-04/Challenger350-Brochure_0.pdf,2024-04,Medium,Bombardier describes a flat floor (no dropped aisle) for the Challenger 350; the 350 is a development of the Challenger 300 with the same fuselage (Jetcraft 2020 overview). No Challenger 300 manufacturer document was read to confirm directly.
challenger-300.enclosed_lavatory,Enclosed lavatory,Challenger 300,Plane-specific,Yes,,,yes/no,Published,"Bombardier pre-owned factsheet, Challenger 350 serial 20789",https://bombardier.com/sites/default/files/2023-10/Challenger_350_20789_Factsheet.pdf,2023-08-29,Low,"Lavatory at the rear of the cabin with a belted seat, in front of the baggage compartment that is reached through it (shown for the Challenger 350, same fuselage). Whether it has a solid door or is externally serviced was not stated in the documents read."
challenger-300.bag_space,Bag space,Challenger 300,Plane-specific,106,,,cubic feet,Published,"Business Jet Traveler used jet review, Challenger 300 additional information (Conklin & de Decker data)",https://www.bjtonline.com/sites/default/files/pdfs/challenger300_addlinfo.pdf,2013-03-18,Medium,"106 cu ft internal baggage, reachable in flight (Conklin & de Decker via Business Jet Traveler). Flycraft also shows 106 cu ft. No separate external compartment."
challenger-300.takeoff_distance,"Takeoff distance (max weight, sea level, standard day)",Challenger 300,Plane-specific,4810,,,feet,Published,"Jetcraft Jetstream, Challenger 300 Overview (2004-2014)",https://www.jetcraft.com/jetstream/2018/10/challenger-300-overview-2004-2014/,2018-10-24,Low,"4,810 ft at sea level, standard day, maximum takeoff weight, as quoted by Jetcraft (2018) from published specifications. Single source read; no Bombardier factsheet for the 300 could be read."
challenger-300.fuel_burn,Fuel burn,Challenger 300,Plane-specific,295,266,295,gallons per hour,Published,"Flycraft (CRAFT), Challenger 300 ownership and operating costs",https://www.flycraft.com/ownership-cost/bombardier-challenger-300-ownership-operating-costs,2024-12-12,Medium,"Flycraft: Conklin & de Decker average hourly fuel burn, via Private Jet Card Comparisons. Cross-check: Business Jet Traveler / Conklin & de Decker fuel cost of $1,982.54 per hour at $6.86 per gallon works out to about 289 gal per hour (within 2%). Jetcraft (2018) gives 266 gal per hour (low end)."
challenger-300.maintenance_per_hour,Maintenance (labor and parts),Challenger 300,Class-wide,1300,730,1600,dollars per hour,Published,"Flycraft (CRAFT), Challenger 300 ownership and operating costs",https://www.flycraft.com/ownership-cost/bombardier-challenger-300-ownership-operating-costs,2024-12-12,Low,"Flycraft's figure is the CRAFT super-midsize class midpoint ($1,000 to $1,600), not a Challenger 300 figure, so this is really class-wide. One model-specific figure: Conklin & de Decker via Business Jet Traveler (about 2013) gives labor $114.17 + parts $278.73 + inspections and component overhauls $336.87 = about $730 per hour, in older dollars (used as the low end)."
challenger-300.engine_reserve_per_hour,Engine reserve (both engines),Challenger 300,Class-wide,825,425,1000,dollars per hour,Published,"Flycraft (CRAFT), Challenger 300 ownership and operating costs",https://www.flycraft.com/ownership-cost/bombardier-challenger-300-ownership-operating-costs,2024-12-12,Low,"Flycraft's figure is the CRAFT super-midsize class midpoint (2 engines x $325 to $500), not a Challenger 300 figure. Model-specific: Conklin & de Decker via Business Jet Traveler (about 2013) gives engine restoration of $424.68 per hour for the aircraft, in older dollars (low end). No published Honeywell engine program (MSP) or JSSI rate could be confirmed."
challenger-300.purchase_price,"Purchase price (typical, for the most commonly sold build years)",Challenger 300,Plane-specific,8200000,6300000,10600000,dollars,Published,"Radar (RadarDB), Bombardier Challenger 300 model page",https://www.useradar.com/aircraft/models/bombardier-challenger-300,read 2026-10-06,Low,"Build years 2004 to 2008 (most commonly sold, FAA registry). Median of all 7 price points in that window: Radar value model 2004 $6.3M, 2005 $6.8M, 2006 $7.5M, 2007 $8.2M, 2008 $8.9M; Radar-listed reported sales 2005 $8.8M (April 2026) and 2007 $10.6M (April 2026). The reported sales sit 20 to 30% above the value model for the same years, so the spread is wide. Bolt Flight (2026) says a used Challenger 300 costs roughly $10.5M (no build year)."
challenger-300.yearly_value_loss,Yearly value loss,Challenger 300,Plane-specific,9.0,7.9,10.3,percent per year,Published,"Radar (RadarDB), Bombardier Challenger 300 model page",https://www.useradar.com/aircraft/models/bombardier-challenger-300,read 2026-10-06,Low,"Geometric average yearly change in Radar's value model between build years 2004 ($6.3M) and 2008 ($8.9M): (8.9 / 6.3) ^ (1/4) - 1 = 9.0% per year of age. Year-to-year steps: 7.9%, 10.3%, 9.3%, 8.5%. Within the typical 5 to 10% class range. Single source (one value model)."
challenger-300.charter_rate,"Charter rate (whole plane, per flight hour, before tax and fees)",Challenger 300,Class-wide,7500,5175,12000,dollars per hour,Our assumption,"Air Charter Advisors, Challenger 300 charter page",https://www.aircharteradvisors.com/challenger-300/,read 2026-10-06,Low,"What this is: the base price a charter customer pays for the whole plane and crew per flight hour, before the 7.5% federal excise tax, landing and handling fees and crew overnight costs. Owner income = charter hours x this rate x the owner's share. Decision 6 Oct 2026: one charter rate for every super-midsize jet. 7,500 is the median of the per-model broker rates found (Challenger 300 7,738 and Challenger 350 5,963 Air Charter Advisors; G280 and Praetor 600 7,500 Paramount Business Jets; the Citation X template page was left out). Low 5,175 is the lowest model quote (Air Charter Advisors, Challenger 350); high 12,000 is the super-midsize class rate cited by Flycraft and Radar. This jet's model-page figure before the decision: 7738. Original note: Midpoint of Air Charter Advisors' Challenger 300 range of $6,500 to $8,975 per hour. Mercury Jets (2023) says about $6,000 per hour (low end). These model pages look low against 2026 super-midsize class figures: Bolt Flight (2026) uses $9,525 per hour as the super-midsize average; Radar quotes Flycraft super-midsize rates from about $12,000 per hour."
challenger-350.range_4_pax,Range with 4 passengers,Challenger 350,Plane-specific,3250,3200,3250,nautical miles,Published,"Jetcraft Jetstream, Challenger 350 Overview (2014-Present)",https://www.jetcraft.com/?p=46057,2020-07-27,Medium,"3,250 nm with 4 passengers under NBAA IFR reserves (Jetcraft 2020 overview). Bombardier's factsheet gives 3,200 nm with 8 passengers, NBAA IFR reserves, Mach 0.80 (a 4-passenger range should be at least this). Flycraft shows 3,200 nm. Bombardier does not publish a 4-passenger figure."
challenger-350.cruise_speed,Cruise speed,Challenger 350,Plane-specific,459,448,470,knots,Published,"Jetcraft Jetstream, Challenger 350 Overview (2014-Present)",https://www.jetcraft.com/?p=46057,2020-07-27,Medium,"Long-range cruise 459 kt, maximum cruise 470 kt, true airspeed (Jetcraft 2020). Bombardier's factsheet gives speeds only as Mach: typical cruise Mach 0.80, high-speed cruise Mach 0.82; Mach 0.80 at cruise altitude on a standard day is about 459 kt, which agrees. Flycraft shows 448 kt (low end)."
challenger-350.seats,Seats (typical),Challenger 350,Plane-specific,10,9,10,passengers,Published,"Bombardier, Challenger 350 factsheet (printed 04/24)",https://businessaircraft.bombardier.com/sites/default/files/2024-04/Challenger350-factsheet.pdf,2024-04-23,High,"Bombardier: up to 10 passengers. Jetcraft (2020) says the typical layout is 10 passengers. Bombardier's pre-owned factsheet for serial 20789 shows 10 seats counting the belted lavatory seat (9 cabin seats), hence the low of 9."
challenger-350.cabin_height,Cabin height,Challenger 350,Plane-specific,72,,,inches,Published,"Bombardier, Challenger 350 factsheet (printed 04/24)",https://businessaircraft.bombardier.com/sites/default/files/2024-04/Challenger350-factsheet.pdf,2024-04-23,High,"6 ft 0 in (1.83 m), Bombardier factsheet."
challenger-350.cabin_width,Cabin width,Challenger 350,Plane-specific,86,,,inches,Published,"Bombardier, Challenger 350 factsheet (printed 04/24)",https://businessaircraft.bombardier.com/sites/default/files/2024-04/Challenger350-factsheet.pdf,2024-04-23,High,"7 ft 2 in (2.19 m), Bombardier factsheet."
challenger-350.cabin_length,Cabin length,Challenger 350,Plane-specific,302,,,inches,Published,"Bombardier, Challenger 350 factsheet (printed 04/24)",https://businessaircraft.bombardier.com/sites/default/files/2024-04/Challenger350-factsheet.pdf,2024-04-23,High,"25 ft 2 in (7.68 m), Bombardier factsheet: from the cockpit divider to the rear of the cabin, not counting the baggage compartment."
challenger-350.stand_up_cabin,Stand-up cabin (6 ft or more),Challenger 350,Plane-specific,Yes,,,yes/no,Published,"Bombardier, Challenger 350 factsheet (printed 04/24)",https://businessaircraft.bombardier.com/sites/default/files/2024-04/Challenger350-factsheet.pdf,2024-04-23,High,"Derived from Bombardier cabin height of 72 in (6 ft 0 in), which meets the 72 in threshold exactly."
challenger-350.flat_floor,Flat floor,Challenger 350,Plane-specific,Yes,,,yes/no,Published,"Bombardier, Challenger 350 brochure (2024)",https://bombardier.com/sites/default/files/2024-04/Challenger350-Brochure_0.pdf,2024-04,High,Bombardier brochure and factsheet: 'flat floor design'.
challenger-350.enclosed_lavatory,Enclosed lavatory,Challenger 350,Plane-specific,Yes,,,yes/no,Published,"Bombardier pre-owned factsheet, Challenger 350 serial 20789",https://bombardier.com/sites/default/files/2023-10/Challenger_350_20789_Factsheet.pdf,2023-08-29,Medium,"Bombardier: lavatory at the rear of the cabin with vanity, sink and a belted lavatory seat (pre-owned factsheet, serial 20789; 2024 brochure). Baggage compartment is reached in flight through it. A solid door and external servicing were not stated in the Bombardier documents read."
challenger-350.bag_space,Bag space,Challenger 350,Plane-specific,106,,,cubic feet,Published,"Bombardier, Challenger 350 brochure (2024)",https://bombardier.com/sites/default/files/2024-04/Challenger350-Brochure_0.pdf,2024-04,High,"Bombardier brochure: 'unrestricted and safe access to a 106 ft3 (3 m3) baggage compartment', reachable in flight. Flycraft also shows 106 cu ft. No separate external compartment."
challenger-350.takeoff_distance,"Takeoff distance (max weight, sea level, standard day)",Challenger 350,Plane-specific,4835,4829,4835,feet,Published,"Bombardier, Challenger 350 factsheet (printed 04/24)",https://businessaircraft.bombardier.com/sites/default/files/2024-04/Challenger350-factsheet.pdf,2024-04-23,High,"Bombardier factsheet: 4,835 ft (1,474 m) at sea level, standard day, maximum takeoff weight. Jetcraft (2020) gives 4,829 ft."
challenger-350.fuel_burn,Fuel burn,Challenger 350,Plane-specific,297,255,297,gallons per hour,Published,"Flycraft (CRAFT), Challenger 350 ownership and operating costs",https://flycraft.com/ownership-cost/bombardier-challenger-350-ownership-operating-costs/,2026-10-05,Low,"Flycraft: Conklin & de Decker average hourly fuel burn, via Private Jet Card Comparisons. Jetcraft (2020) gives 255 gal per hour for both engines, about 14% lower. No manufacturer figure published."
challenger-350.maintenance_per_hour,Maintenance (labor and parts),Challenger 350,Class-wide,1300,1000,1600,dollars per hour,Published,"Flycraft (CRAFT), Challenger 350 ownership and operating costs",https://flycraft.com/ownership-cost/bombardier-challenger-350-ownership-operating-costs/,2026-10-05,Low,"Flycraft's figure is the CRAFT super-midsize class midpoint ($1,000 to $1,600), not a Challenger 350 figure, so this is really class-wide. No model-specific published figure was found (aircraftcostcalculator.com refused access)."
challenger-350.engine_reserve_per_hour,Engine reserve (both engines),Challenger 350,Class-wide,825,650,1000,dollars per hour,Published,"Flycraft (CRAFT), Challenger 350 ownership and operating costs",https://flycraft.com/ownership-cost/bombardier-challenger-350-ownership-operating-costs/,2026-10-05,Low,"Flycraft's figure is the CRAFT super-midsize class midpoint (2 engines x $325 to $500), not a Challenger 350 figure. A Honeywell engine program rate for this model was seen only in a search snippet from a page that refused access, so it was not used."
challenger-350.purchase_price,"Purchase price (typical, for the most commonly sold build years)",Challenger 350,Plane-specific,16500000,13300000,21000000,dollars,Published,"Radar (RadarDB), Bombardier Challenger 350 model page",https://www.useradar.com/aircraft/models/bombardier-challenger-350,read 2026-10-06,Medium,"Build years 2015 to 2019 (most commonly sold, FAA registry). Median of all 9 price points in that window: Radar value model 2015 $14.0M, 2016 $15.2M, 2017 $16.5M, 2018 $18.0M, 2019 $19.6M; Radar-listed reported sales 2016 $13.3M, 2017 $18.3M, 2018 $16.4M, 2019 $21.0M (all 2026). Reported sales fall within about 15% of the value model for the same year."
challenger-350.yearly_value_loss,Yearly value loss,Challenger 350,Plane-specific,8.8,8.6,9.1,percent per year,Published,"Radar (RadarDB), Bombardier Challenger 350 model page",https://www.useradar.com/aircraft/models/bombardier-challenger-350,read 2026-10-06,Low,"Geometric average yearly change in Radar's value model between build years 2015 ($14.0M) and 2019 ($19.6M): (19.6 / 14.0) ^ (1/4) - 1 = 8.8% per year of age. Year-to-year steps: 8.6%, 8.6%, 9.1%, 8.9%. Within the typical 5 to 10% class range. Single source (one value model)."
challenger-350.charter_rate,"Charter rate (whole plane, per flight hour, before tax and fees)",Challenger 350,Class-wide,7500,5175,12000,dollars per hour,Our assumption,"Air Charter Advisors, Challenger 350 charter page",https://www.aircharteradvisors.com/challenger-350/,read 2026-10-06,Low,"What this is: the base price a charter customer pays for the whole plane and crew per flight hour, before the 7.5% federal excise tax, landing and handling fees and crew overnight costs. Owner income = charter hours x this rate x the owner's share. Decision 6 Oct 2026: one charter rate for every super-midsize jet. 7,500 is the median of the per-model broker rates found (Challenger 300 7,738 and Challenger 350 5,963 Air Charter Advisors; G280 and Praetor 600 7,500 Paramount Business Jets; the Citation X template page was left out). Low 5,175 is the lowest model quote (Air Charter Advisors, Challenger 350); high 12,000 is the super-midsize class rate cited by Flycraft and Radar. This jet's model-page figure before the decision: 5963. Original note: Midpoint of Air Charter Advisors' Challenger 350 range of $5,175 to $6,750 per hour; Mercury Jets (2023) says about $5,500. Doubtful: these are lower than the same sites' Challenger 300 rates and well below 2026 super-midsize class figures ($9,525 average, Bolt Flight 2026; from about $12,000, Flycraft via Radar). Consider using the super-midsize class rate instead."
gulfstream-g280.range_4_pax,Range with 4 passengers,Gulfstream G280,Plane-specific,3600,,,nautical miles,Published,"Wikipedia, Gulfstream G280 (specifications cited to Gulfstream)",https://en.wikipedia.org/wiki/Gulfstream_G280,read 2026-10-06,High,"Gulfstream figure: 3,600 nm at Mach 0.80 with 4 passengers, 2 crew, NBAA IFR reserves. Flycraft (2024-12-12) and Radar (citing an archived gulfstream.com page) give the same 3,600 nm. The live gulfstream.com G280 page now redirects to the G300 (the G280's successor, announced 2025-09-30), so the manufacturer page could not be read directly."
gulfstream-g280.cruise_speed,Cruise speed,Gulfstream G280,Plane-specific,482,459,482,knots,Published,"Radar, Gulfstream G280 model page (specs cited to gulfstream.com and type certificate)",https://www.useradar.com/aircraft/models/gulfstream-g280,read 2026-10-06,High,"High-speed cruise, true airspeed, as published by Gulfstream. Flycraft also gives 482 kt. Wikipedia gives 459 kt as normal cruise at altitude (low end). Maximum operating speed Mach 0.85."
gulfstream-g280.seats,Seats (typical),Gulfstream G280,Plane-specific,9,8,10,passengers,Published,"Radar, Gulfstream G280 model page (typical seat map)",https://www.useradar.com/aircraft/models/gulfstream-g280,read 2026-10-06,Medium,"Gulfstream publishes ""up to 10"" (maximum), not a typical figure. Radar shows a typical 9-passenger layout; Paramount Business Jets also gives typical seating 9; Guardian Jet gives typical 8, maximum 10. Flycraft: up to 10."
gulfstream-g280.cabin_height,Cabin height,Gulfstream G280,Plane-specific,73,,,inches,Published,"Radar, Gulfstream G280 model page (specs cited to gulfstream.com)",https://www.useradar.com/aircraft/models/gulfstream-g280,read 2026-10-06,Medium,6 ft 1 in. Guardian Jet and Business Jet Traveler (August 2021) give the same. Gulfstream G280 page itself could not be read (now redirects to the G300).
gulfstream-g280.cabin_width,Cabin width,Gulfstream G280,Plane-specific,83,,,inches,Published,"Radar, Gulfstream G280 model page (specs cited to gulfstream.com)",https://www.useradar.com/aircraft/models/gulfstream-g280,read 2026-10-06,Medium,6 ft 11 in. Guardian Jet gives the same.
gulfstream-g280.cabin_length,Cabin length,Gulfstream G280,Plane-specific,310,,,inches,Published,"Business Jet Traveler, Gulfstream G280 (August 2021)",https://bjtonline.com/business-jet-news/gulfstream-g280-0,2021-08-01,Medium,"25 ft 10 in, excluding the baggage compartment (Gulfstream measures from cockpit divider to aft lavatory, baggage excluded). Radar and Guardian Jet give the same 25 ft 10 in. Some charter sites quote 32.25 ft, which appears to include cockpit or baggage; not used."
gulfstream-g280.stand_up_cabin,Stand-up cabin (6 ft or more),Gulfstream G280,Plane-specific,Yes,,,yes/no,Published,Derived from cabin height (73 in),https://www.useradar.com/aircraft/models/gulfstream-g280,read 2026-10-06,Medium,Cabin height 6 ft 1 in is 72 in or more. Note the full height is only in the dropped aisle (see flat floor).
gulfstream-g280.flat_floor,Flat floor,Gulfstream G280,Plane-specific,No,,,yes/no,Published,"Aviation Week, Gulfstream G280: Setting The Standard For Super-Midsize",https://aviationweek.com/business-aviation/gulfstream-g280-setting-standard-super-midsize,2020-07-20,Medium,"The G280 has ""a dropped aisle that increases overall cabin height in the center"". Aviation Week says it is the only super-midsize jet with a dropped aisle."
gulfstream-g280.enclosed_lavatory,Enclosed lavatory,Gulfstream G280,Plane-specific,Yes,,,yes/no,Published,"Aviation Week, Gulfstream G280: Setting The Standard For Super-Midsize",https://aviationweek.com/business-aviation/gulfstream-g280-setting-standard-super-midsize,2020-07-20,Medium,"Aft lavatory, separate room (Business Jet Traveler: 48 in wide, with its own wardrobe closet and two windows); the in-flight baggage compartment is reached through a door in the aft lavatory. Not described as belted. Whether it is externally serviced was not confirmed in sources read."
gulfstream-g280.bag_space,Bag space,Gulfstream G280,Plane-specific,154,120,154,cubic feet,Published,"Business Jet Traveler, Gulfstream G280 (August 2021) for the 120 cu ft hold; charter-guide pages for the 154 cu ft total",https://bjtonline.com/business-jet-news/gulfstream-g280-0,2021-08-01,Medium,"Total 154 cu ft = 120 cu ft baggage hold (pressurized, accessible in flight up to 40,000 ft) + 34 cu ft of internal cabin stowage, as given in web search summaries of charter guides (not read directly). Gulfstream, Radar and Flycraft quote the 120 cu ft hold only (low). The Praetor 600 155 cu ft also includes cabin stowage, so 154 is the like-for-like figure."
gulfstream-g280.takeoff_distance,"Takeoff distance (max weight, sea level, standard day)",Gulfstream G280,Plane-specific,4750,,,feet,Published,"Wikipedia, Gulfstream G280 (specifications cited to Gulfstream)",https://en.wikipedia.org/wiki/Gulfstream_G280,read 2026-10-06,Medium,"Balanced field length 4,750 ft (1,448 m) at max takeoff weight, sea level, ISA. Guardian Jet gives the same. The 4,780 ft figure now on gulfstream.com is for the G300, not the G280."
gulfstream-g280.fuel_burn,Fuel burn,Gulfstream G280,Plane-specific,286,284,286,gallons per hour,Published,"Flycraft (Craft Charter LLC), Gulfstream G280 ownership and operating costs (Conklin & de Decker average via Private Jet Card Comparisons)",https://www.flycraft.com/ownership-cost/gulfstream-g280-ownership-operating-costs,2024-12-12,Medium,"Guardian Jet also gives 286 gal/hr. Wikipedia gives 1,900 lb per hour, about 284 gal/hr at 6.7 lb per gallon (our conversion)."
gulfstream-g280.maintenance_per_hour,Maintenance (labor and parts),Gulfstream G280,Plane-specific,1357,1300,1357,dollars per hour,Published,"Guardian Jet, Compare Aircraft Models: Gulfstream G280",https://guardianjet.com/jet-aircraft-online-tools/compare-jet-aircraft.cfm?mids=30,read 2026-10-06,Low,"Model-specific figure from Guardian Jet (annual cost at 300 hours per year; underlying data source not named). Flycraft gives $1,300/hr, but that is its super-midsize class midpoint ($1,000 to $1,600), not a G280 figure. The two are within 5%."
gulfstream-g280.engine_reserve_per_hour,Engine reserve (both engines),Gulfstream G280,Plane-specific,957,600,957,dollars per hour,Published,"Guardian Jet, Compare Aircraft Models: Gulfstream G280",https://guardianjet.com/jet-aircraft-online-tools/compare-jet-aircraft.cfm?mids=30,read 2026-10-06,Low,"Guardian Jet lists engine reserves of $957/hr for the aircraft, but also an ""hourly rate per engine"" of $300 (= $600 for two engines, low). The $957 may include the auxiliary power unit; not explained. Flycraft class midpoint is $825 (2 x $325 to $500). No published Honeywell MSP rate for the HTF7250G found on an allowed source."
gulfstream-g280.purchase_price,"Purchase price (typical, for the most commonly sold build years)",Gulfstream G280,Plane-specific,15000000,12000000,17000000,dollars,Published,"Radar, Gulfstream G280 model page (listing-based estimates); AvBuyer G280 price guide",https://www.useradar.com/aircraft/models/gulfstream-g280,read 2026-10-06,Medium,"Build years 2014 to 2018 (most commonly sold, FAA registry). Value is the 2016 midpoint-year figure: Radar 2016 aircraft about $15M; AvBuyer price guide (search-index version) 2016 $15M. Spread: Radar 2015 aircraft $12M and $16M; AvBuyer 2014 $14M, 2018 $17M. Market reports put average asking near $14M (range $12M to $17M) at end of 2025. See g5.prices.csv."
gulfstream-g280.yearly_value_loss,Yearly value loss,Gulfstream G280,Plane-specific,5.5,4.9,6.1,percent per year,Published,Derived from AvBuyer price guide (Aircraft Bluebook) and Radar price points by build year,https://www.avbuyer.com/articles/jets-prices-guides/gulfstream-g280-price-guide-112594,2025-05-21,Medium,Geometric average change between build years: AvBuyer 2014 $14M to 2018 $17M = 4.9%/yr; Aircraft Bluebook via AvBuyer 2020 $17.75M to 2024 $22.5M = 6.1%/yr; Radar 2012 $12M to 2016 $15M = 5.7%/yr. Value is the rounded middle. Within the typical 5 to 10% range. This is the price gap between build years at one point in time; actual market prices for G280s rose in 2021 to 2023 and eased in 2024 to 2025.
gulfstream-g280.charter_rate,"Charter rate (whole plane, per flight hour, before tax and fees)",Gulfstream G280,Class-wide,7500,5175,12000,dollars per hour,Our assumption,"Paramount Business Jets, Gulfstream G280 charter",https://www.paramountbusinessjets.com/private-jet-charter/aircraft/gulfstream-g280,read 2026-10-06,Low,"What this is: the base price a charter customer pays for the whole plane and crew per flight hour, before the 7.5% federal excise tax, landing and handling fees and crew overnight costs. Owner income = charter hours x this rate x the owner's share. Decision 6 Oct 2026: one charter rate for every super-midsize jet. 7,500 is the median of the per-model broker rates found (Challenger 300 7,738 and Challenger 350 5,963 Air Charter Advisors; G280 and Praetor 600 7,500 Paramount Business Jets; the Citation X template page was left out). Low 5,175 is the lowest model quote (Air Charter Advisors, Challenger 350); high 12,000 is the super-midsize class rate cited by Flycraft and Radar. This jet's model-page figure before the decision: 7500. Original note: Average hourly rate quoted for the model. Air Charter Advisors: $6,800 to $8,000/hr (agrees within 15%). Mercury Jets (2023-09-15): about $6,000/hr (low). Note Radar and Flycraft cite a super-midsize class rate of about $12,000/hr, much higher; broker model pages may exclude fees, taxes and positioning."
embraer-praetor-600.range_4_pax,Range with 4 passengers,Embraer Praetor 600,Plane-specific,4018,,,nautical miles,Published,"Embraer, Praetor 600 brochure (PDF)",https://www.embraer.com/media/gjunfh2i/praetor-600-eletronic.pdf,2020-10-07,High,"Long-range cruise, 4 passengers at 200 lb each, NBAA IFR reserves with 200 nm alternate. Flycraft gives the same 4,018 nm. Embraer's current Praetor 600E page gives the same 4,018 nm."
embraer-praetor-600.cruise_speed,Cruise speed,Embraer Praetor 600,Plane-specific,466,433,466,knots,Published,"Embraer, Praetor 600 brochure (PDF)",https://www.embraer.com/media/gjunfh2i/praetor-600-eletronic.pdf,2020-10-07,High,High-speed cruise 466 knots true airspeed; maximum operating Mach 0.83. Flycraft gives 466. Guardian Jet gives 433 kt long-range cruise (low).
embraer-praetor-600.seats,Seats (typical),Embraer Praetor 600,Plane-specific,8,8,12,passengers,Published,"Embraer, Praetor 600 brochure (PDF)",https://www.embraer.com/media/gjunfh2i/praetor-600-eletronic.pdf,2020-10-07,High,"Embraer standard capacity 8 passengers plus 2 crew; maximum 12 with optional belted lavatory, side-facing seat and aft double divan. Flycraft: up to 12. Guardian Jet: typical 8."
embraer-praetor-600.cabin_height,Cabin height,Embraer Praetor 600,Plane-specific,72,,,inches,Published,"Embraer, Praetor 600 brochure (PDF)",https://www.embraer.com/media/gjunfh2i/praetor-600-eletronic.pdf,2020-10-07,High,6 ft (1.83 m). Guardian Jet and Aviation Week (2023) give the same.
embraer-praetor-600.cabin_width,Cabin width,Embraer Praetor 600,Plane-specific,82,,,inches,Published,"Embraer, Praetor 600 brochure (PDF)",https://www.embraer.com/media/gjunfh2i/praetor-600-eletronic.pdf,2020-10-07,High,6 ft 10 in (2.08 m). Guardian Jet gives 6 ft 10 in; Aviation Week 6.8 ft.
embraer-praetor-600.cabin_length,Cabin length,Embraer Praetor 600,Plane-specific,330,289,330,inches,Published,"Aviation Week, 20/Twenty: Long Prospects For The Praetor 500 and 600",https://aviationweek.com/business-aviation/aircraft-propulsion/20twenty-long-prospects-praetor-500-600,2023-05-30,Medium,"27 ft 6 in (Aviation Week: main seating area 27.5 ft; Guardian Jet: 27 ft 6 in). What it includes is not stated; likely cockpit divider to aft lavatory, excluding the external baggage compartment. Embraer's brochure cabin drawing labels a 24 ft 1 in dimension (low), which appears to be a shorter section of the cabin; unclear. Least certain value for this jet."
embraer-praetor-600.stand_up_cabin,Stand-up cabin (6 ft or more),Embraer Praetor 600,Plane-specific,Yes,,,yes/no,Published,"Derived from cabin height (72 in); Embraer brochure ""stand-up cabin with flat floor""",https://www.embraer.com/media/gjunfh2i/praetor-600-eletronic.pdf,2020-10-07,High,"Cabin height is exactly 6 ft (72 in), meeting the threshold."
embraer-praetor-600.flat_floor,Flat floor,Embraer Praetor 600,Plane-specific,Yes,,,yes/no,Published,"Embraer, Praetor 600 brochure (PDF)",https://www.embraer.com/media/gjunfh2i/praetor-600-eletronic.pdf,2020-10-07,High,"Embraer: ""six-foot-tall flat-floor cabin"" and ""Stand-up cabin with flat floor""."
embraer-praetor-600.enclosed_lavatory,Enclosed lavatory,Embraer Praetor 600,Plane-specific,Yes,,,yes/no,Published,"Embraer, Praetor 600 brochure (PDF)",https://www.embraer.com/media/gjunfh2i/praetor-600-eletronic.pdf,2020-10-07,Medium,Aft lavatory with vacuum toilet system shown in all Embraer layouts; a belted lavatory is optional (used for the 12-seat layout). A door and external servicing were not explicitly stated in sources read.
embraer-praetor-600.bag_space,Bag space,Embraer Praetor 600,Plane-specific,155,,,cubic feet,Published,"Embraer, Praetor 600 brochure (PDF)",https://www.embraer.com/media/gjunfh2i/praetor-600-eletronic.pdf,2020-10-07,High,"Embraer ""baggage and stowage volume"" 155 cu ft (4.39 cu m), i.e. aft baggage compartment plus in-cabin stowage. Flycraft gives the same 155."
embraer-praetor-600.takeoff_distance,"Takeoff distance (max weight, sea level, standard day)",Embraer Praetor 600,Plane-specific,4717,,,feet,Published,"Embraer, Praetor 600 brochure (PDF)",https://www.embraer.com/media/gjunfh2i/praetor-600-eletronic.pdf,2020-10-07,High,"Takeoff distance at max takeoff weight, sea level, ISA: 4,717 ft (1,438 m). Aviation Week (2023) and Guardian Jet give the same. The 2,165 ft figure on Embraer pages is unfactored landing distance, not takeoff."
embraer-praetor-600.fuel_burn,Fuel burn,Embraer Praetor 600,Plane-specific,256,256,298,gallons per hour,Published,"Flycraft (Craft Charter LLC), Embraer Praetor 600 ownership and operating costs (Conklin & de Decker average via Private Jet Card Comparisons)",https://www.flycraft.com/ownership-cost/embraer-praetor-600-ownership-operating-costs,2024-12-12,Medium,Jetcraft Praetor 600 overview (2025-06-23) gives 258 gal/hr (agrees). Guardian Jet gives 298 gal/hr (high).
embraer-praetor-600.maintenance_per_hour,Maintenance (labor and parts),Embraer Praetor 600,Plane-specific,949,949,1300,dollars per hour,Published,"Guardian Jet, Compare Aircraft Models: Embraer Praetor 600",https://guardianjet.com/jet-aircraft-online-tools/compare-jet-aircraft.cfm?mids=201,read 2026-10-06,Low,"Model-specific figure from Guardian Jet (annual cost at 300 hours per year; underlying data source not named). Flycraft gives $1,300/hr, but that is its super-midsize class midpoint, not a Praetor 600 figure (high)."
embraer-praetor-600.engine_reserve_per_hour,Engine reserve (both engines),Embraer Praetor 600,Plane-specific,967,825,967,dollars per hour,Published,"Guardian Jet, Compare Aircraft Models: Embraer Praetor 600",https://guardianjet.com/jet-aircraft-online-tools/compare-jet-aircraft.cfm?mids=201,read 2026-10-06,Low,"Guardian Jet engine reserves for the aircraft. Flycraft class midpoint $825 (2 x $325 to $500) is the low. A Honeywell MSP Gold rate for the HTF7500E appeared only on a Controller.com listing, which we may not use."
embraer-praetor-600.purchase_price,"Purchase price (typical, for the most commonly sold build years)",Embraer Praetor 600,Plane-specific,21000000,18000000,25000000,dollars,Published,"jetAVIVA, Strong Demand, Limited Supply: The Praetor 600 Market Pulse",https://www.jetaviva.com/strong-demand-limited-supply-the-praetor-600-market-pulse/,2025-10-24,Medium,"Build years 2019 to 2023 (most commonly sold). jetAVIVA (broker report): 2019 to 2022 builds $18M to $23M, 2023 to 2025 builds $25M to $29M, average asking just above $20M. Radar rough range (not a value model for this type): 2019 $20M, 2020 $21M, 2021 to 2023 $22M. Value is the 2021 midpoint-year figure, between jetAVIVA mid ($20.5M) and Radar ($22M). High is the low end for 2023 builds. Aviation Week (2023): new equipped price $21.995M, pre-owned average $21.5M. See g5.prices.csv."
embraer-praetor-600.yearly_value_loss,Yearly value loss,Embraer Praetor 600,Plane-specific,4.9,0,8.2,percent per year,Published,Derived from Radar rough price range by build year and jetAVIVA market report,https://www.useradar.com/aircraft/models/embraer-praetor-600,read 2026-10-06,Low,"Radar 2019 $20M to 2021 $22M = 4.9%/yr (geometric average); Radar is flat at $22M from 2021 to 2026 (0%, low). jetAVIVA mid-points: 2019 to 2022 builds about $20.5M vs 2023 to 2025 builds about $27M = about 8.2%/yr over 3.5 years (high), inflated by factory price rises and a new-delivery wait until 2028. The type is young and its market has been rising, so no reliable age-based rate exists; a published super-midsize class rate may be preferable. Least certain value for this jet."
embraer-praetor-600.charter_rate,"Charter rate (whole plane, per flight hour, before tax and fees)",Embraer Praetor 600,Class-wide,7500,5175,12000,dollars per hour,Our assumption,"Paramount Business Jets, Praetor 600 charter",https://www.paramountbusinessjets.com/private-jet-charter/aircraft/praetor-600,read 2026-10-06,Low,"What this is: the base price a charter customer pays for the whole plane and crew per flight hour, before the 7.5% federal excise tax, landing and handling fees and crew overnight costs. Owner income = charter hours x this rate x the owner's share. Decision 6 Oct 2026: one charter rate for every super-midsize jet. 7,500 is the median of the per-model broker rates found (Challenger 300 7,738 and Challenger 350 5,963 Air Charter Advisors; G280 and Praetor 600 7,500 Paramount Business Jets; the Citation X template page was left out). Low 5,175 is the lowest model quote (Air Charter Advisors, Challenger 350); high 12,000 is the super-midsize class rate cited by Flycraft and Radar. This jet's model-page figure before the decision: 7500. Original note: Average hourly rate quoted for the model. Jetvice (2026 rates guide) gives EUR 8,000 to 10,500 per hour (not converted; higher). Radar and Flycraft cite a super-midsize class rate of about $12,000/hr."
midsize.captain_salary,Captain yearly salary,Midsize,Class-wide,165010,127250,178000,dollars per year,Published,"Flycraft (CRAFT, Craft Charter LLC) ownership cost page, fixed-cost breakdown",https://www.flycraft.com/ownership-cost/cessna-citation-xls-ownership-operating-costs,read 2026-10-06,Medium,"Flycraft figure, built from BLS mean for commercial pilots in nonscheduled air transportation (Bureau of Labor Statistics). Not specific to this jet class. Pro Pilot 2023 corporate survey class average is 127,250 (low); the highest Pro Pilot range top in the class is 178,000 (high). Boltflight (2026-06-24) gives 140,000-230,000 for midsize captains and 160,000-220,000 for Citation Latitude captains, which agrees within about 15% with Flycraft; it does not name its data source. Pro Pilot 2023 survey averages (Part 91 corporate): Citation XLS captain 115,000 / first officer 74,000; Citation Latitude 149,000 / 101,000; Hawker 800/800XP 124,000 / 80,000; Learjet 55/60 121,000 / 82,000. Class average of these four. Flycraft shows the same class figure on every jet page in this class."
midsize.first_officer_salary,First officer yearly salary,Midsize,Class-wide,123220,84250,123220,dollars per year,Published,"Flycraft (CRAFT, Craft Charter LLC) ownership cost page, fixed-cost breakdown",https://www.flycraft.com/ownership-cost/cessna-citation-xls-ownership-operating-costs,read 2026-10-06,Low,"Flycraft figure, built from the BLS median for commercial pilots (Bureau of Labor Statistics). Not specific to this jet class. The Pro Pilot 2023 corporate survey class average is 84,250 (low), well below Flycraft; the highest first officer range top in the class is 112,000. Sources disagree by more than 15%, so confidence is Low. Salary before benefits. Flycraft shows the same class figure on every jet page in this class."
midsize.pilot_salary_average,Average pilot yearly salary (captain and first officer),Midsize,Class-wide,144115,105750,144115,dollars per year,Published,"Flycraft (CRAFT, Craft Charter LLC) ownership cost page, fixed-cost breakdown",https://www.flycraft.com/ownership-cost/cessna-citation-xls-ownership-operating-costs,read 2026-10-06,Low,"Average of the captain (165,010) and first officer (123,220) salaries in this file. Low is the average of the Pro Pilot 2023 class averages. Salary before benefits."
midsize.benefits_share,Benefits and payroll costs as a share of salary,Midsize,Class-wide,43,43,46,percent of salary,Published,"U.S. Bureau of Labor Statistics, Employer Costs for Employee Compensation, June 2026",https://www.bls.gov/news.release/ecec.nr0.htm,2026-09-09,High,"Flycraft adds 43% to salary for benefits and payroll and cites this survey. Checked: private industry benefits 14.07 dollars per hour on wages of 32.82 dollars per hour = 42.9% of wages. For full-time private industry workers benefits are 31.5% of total compensation, which is about 46% of wages (high). Same figure for both classes."
midsize.pilot_training,Pilot training per pilot,Midsize,Class-wide,16500,13000,20000,dollars per pilot per year,Published,"Flycraft (CRAFT, Craft Charter LLC) ownership cost page, fixed-cost breakdown",https://www.flycraft.com/ownership-cost/cessna-citation-xls-ownership-operating-costs,read 2026-10-06,Low,"Flycraft shows 33,000 per year for 2 pilots, at 13,000-20,000 per pilot (yearly simulator recurrent training). No training-provider published prices found (FlightSafety and CAE do not publish course prices). Flycraft shows the same class figure on every jet page in this class."
midsize.hangar,Hangar,Midsize,Class-wide,46650,27660,65640,dollars per year,Published,"Flycraft (CRAFT, Craft Charter LLC) ownership cost page, fixed-cost breakdown",https://www.flycraft.com/ownership-cost/cessna-citation-xls-ownership-operating-costs,read 2026-10-06,Low,"Flycraft figure; its range is 2,305-5,470 dollars per month (low and high here are those times 12). Hangar cost varies a lot by airport. Flycraft shows the same class figure on every jet page in this class."
midsize.insurance_hull_rate,Insurance for damage to the jet (hull),Midsize,Class-wide,0.2,0.15,0.25,percent of jet value per year,Published,"Flycraft (CRAFT, Craft Charter LLC) ownership cost page, fixed-cost breakdown",https://www.flycraft.com/ownership-cost/cessna-citation-xls-ownership-operating-costs,read 2026-10-06,Low,"Flycraft range, citing BWI Aviation Insurance, 'How much is aircraft insurance? A complete 2026 cost breakdown' (2026-01-04). Value is the midpoint of the range. Single underlying source. Flycraft shows the same class figure on every jet page in this class."
midsize.insurance_liability,Liability insurance,Midsize,Class-wide,11500,8000,15000,dollars per year,Published,"Flycraft (CRAFT, Craft Charter LLC) ownership cost page, fixed-cost breakdown",https://www.flycraft.com/ownership-cost/cessna-citation-xls-ownership-operating-costs,read 2026-10-06,Low,"Flycraft range, citing BWI Aviation Insurance, 'How much is aircraft insurance? A complete 2026 cost breakdown' (2026-01-04). Value is the midpoint of the range. Single underlying source. Flycraft shows the same class figure on every jet page in this class."
midsize.management_fee,Management company fee,Midsize,Class-wide,60000,42000,78000,dollars per year,Published,"Flycraft (CRAFT, Craft Charter LLC) ownership cost page, fixed-cost breakdown",https://www.flycraft.com/ownership-cost/cessna-citation-xls-ownership-operating-costs,read 2026-10-06,Low,"Flycraft figure; its range is 3,500-6,500 dollars per month, citing Business Jet Traveler 'Is a management company right for you?'. That article (https://www.bjtonline.com/node/2284, about 2023) says monthly fees start in the low four figures for small jets and reach the low five figures for large-cabin jets, which is consistent but gives no exact class figure. Flycraft shows the same class figure on every jet page in this class."
midsize.other_fixed,"Other fixed costs (subscriptions, charts, software, miscellaneous)",Midsize,Class-wide,50000,40000,60000,dollars per year,Published,"Flycraft (CRAFT, Craft Charter LLC) ownership cost page, fixed-cost breakdown",https://www.flycraft.com/ownership-cost/cessna-citation-xls-ownership-operating-costs,read 2026-10-06,Low,"Flycraft 'miscellaneous fixed' range 40,000-60,000. Flycraft shows the same class figure on every jet page in this class."
midsize.charter_certificate_costs,Extra yearly costs when the jet is chartered out,Midsize,Class-wide,35000,20000,60000,dollars per year,Our assumption,"Reynolds Jet, '7 questions you need to ask about illegal jet charters'",https://reynoldsjet.com/2019/02/25/7-questions-you-need-to-ask-about-illegal-jet-charters/,2019-02-25,Low,"No published dollar figure found. Our estimate, built up as: captains on a charter certificate must do recurrent training every 6 months instead of 12 (Reynolds Jet), so roughly one extra captain training event per year (13,000-20,000 each, Flycraft); drug and alcohol testing and background checks; higher insurance for commercial use; charter-required equipment, conformity checks and audits. Business Jet Traveler and AvBuyer (David Wyndham, 2023-02-08) confirm the owner pays for anything needed to make the jet legal for charter, but give no amounts."
midsize.extra_value_loss_per_1000_hours,"Extra value loss per 1,000 hours flown above typical use",Midsize,Class-wide,6,4,9,"percent of jet value per 1,000 hours",Our assumption,"AvBuyer, Jeremy Cox, 'Buying high-time jets: value or a risk?'",https://www.avbuyer.com/articles/aircraft-ownership/buying-high-time-jets-value-or-a-risk-112779,2020-06-10,Low,"Appraisal guides (Aircraft Bluebook, VREF) apply hour adjustments but do not publish the rates. The AvBuyer article says each flight hour on a new Gulfstream G550 is worth 5,280 dollars and on a 2004 G550 1,260 dollars, i.e. 5.3 million and 1.3 million dollars per 1,000 hours; against those jets' market values this is very roughly 8-9% per 1,000 hours (our calculation, values not from the article). It also says business jets rarely fly more than 400 hours a year. We use 6% for older midsize and super-midsize jets, range 4-9%."
midsize.base_days_out_of_service,Days out of service for maintenance per year (base),Midsize,Class-wide,14,10,20,days per year,Our assumption,"Aviation Maintenance survey via AviationPros, 'We survey the vital signs'",https://www.aviationpros.com/home/article/10388210/we-survey-the-vital-signs,2001-02-01,Low,"Survey of about 2,000 corporate jet operators (233 replies, with Embry-Riddle): 25.2 maintenance days per aircraft per year at 438 flight hours per year, 5.75 days per 100 hours. We split this into a fixed part (calendar inspections) of 14 days plus 2.5 days per 100 hours, which gives about 25 days at 438 hours. The split is ours; the survey is old (2001). Same for both classes."
midsize.extra_days_out_of_service_per_100_hours,Extra days out of service per 100 hours flown,Midsize,Class-wide,2.5,1.5,5.75,days per 100 hours,Our assumption,"Aviation Maintenance survey via AviationPros, 'We survey the vital signs'",https://www.aviationpros.com/home/article/10388210/we-survey-the-vital-signs,2001-02-01,Low,"Survey average is 5.75 days per 100 hours if all down days are tied to hours (high). We tie only part to hours (see base days row); 14 + 2.5 x 4.38 = about 25 days, matching the survey's 25.2 days at 438 hours. The survey notes higher-use and younger jets have fewer down days per 100 hours. Same for both classes."
super-midsize.captain_salary,Captain yearly salary,Super-midsize,Class-wide,190440,146625,190440,dollars per year,Published,"Flycraft (CRAFT, Craft Charter LLC) ownership cost page, fixed-cost breakdown",https://www.flycraft.com/ownership-cost/bombardier-challenger-300-ownership-operating-costs,read 2026-10-06,Low,"Flycraft figure, built from BLS 75th percentile for commercial pilots (Bureau of Labor Statistics). Not specific to this jet class. Pro Pilot 2023 corporate survey class average is 146,625 (low), about 23% below Flycraft; the highest Pro Pilot range top in the class is 181,000. The Pro Pilot figures are 3 years old; NBAA reported about 12% pilot pay growth from 2022 to 2023 alone. Pro Pilot 2023 survey averages (Part 91 corporate): Challenger 300/350 captain 146,000 / first officer 98,000; Gulfstream G200/G280 144,000 / 88,000; Legacy 450/500 and Praetor 500/600 about 146,500 / 97,500; Citation X 150,000 / 103,000. Class average of these four. Flycraft shows the same class figure on every jet page in this class."
super-midsize.first_officer_salary,First officer yearly salary,Super-midsize,Class-wide,133150,96625,133150,dollars per year,Published,"Flycraft (CRAFT, Craft Charter LLC) ownership cost page, fixed-cost breakdown",https://www.flycraft.com/ownership-cost/bombardier-challenger-300-ownership-operating-costs,read 2026-10-06,Low,"Flycraft figure, built from the BLS median for commercial pilots in nonscheduled air transportation (Bureau of Labor Statistics). Not specific to this jet class. The Pro Pilot 2023 corporate survey class average is 96,625 (low), well below Flycraft; the highest first officer range top in the class is 116,000. Sources disagree by more than 15%, so confidence is Low. Salary before benefits. Flycraft shows the same class figure on every jet page in this class."
super-midsize.pilot_salary_average,Average pilot yearly salary (captain and first officer),Super-midsize,Class-wide,161795,121625,161795,dollars per year,Published,"Flycraft (CRAFT, Craft Charter LLC) ownership cost page, fixed-cost breakdown",https://www.flycraft.com/ownership-cost/bombardier-challenger-300-ownership-operating-costs,read 2026-10-06,Low,"Average of the captain (190,440) and first officer (133,150) salaries in this file. Low is the average of the Pro Pilot 2023 class averages. Salary before benefits."
super-midsize.benefits_share,Benefits and payroll costs as a share of salary,Super-midsize,Class-wide,43,43,46,percent of salary,Published,"U.S. Bureau of Labor Statistics, Employer Costs for Employee Compensation, June 2026",https://www.bls.gov/news.release/ecec.nr0.htm,2026-09-09,High,"Flycraft adds 43% to salary for benefits and payroll and cites this survey. Checked: private industry benefits 14.07 dollars per hour on wages of 32.82 dollars per hour = 42.9% of wages. For full-time private industry workers benefits are 31.5% of total compensation, which is about 46% of wages (high). Same figure for both classes."
super-midsize.pilot_training,Pilot training per pilot,Super-midsize,Class-wide,22500,15000,30000,dollars per pilot per year,Published,"Flycraft (CRAFT, Craft Charter LLC) ownership cost page, fixed-cost breakdown",https://www.flycraft.com/ownership-cost/bombardier-challenger-300-ownership-operating-costs,read 2026-10-06,Low,"Flycraft shows 45,000 per year for 2 pilots, at 15,000-30,000 per pilot (yearly simulator recurrent training). No training-provider published prices found (FlightSafety and CAE do not publish course prices). Flycraft shows the same class figure on every jet page in this class."
super-midsize.hangar,Hangar,Super-midsize,Class-wide,66450,27660,105240,dollars per year,Published,"Flycraft (CRAFT, Craft Charter LLC) ownership cost page, fixed-cost breakdown",https://www.flycraft.com/ownership-cost/bombardier-challenger-300-ownership-operating-costs,read 2026-10-06,Low,"Flycraft figure; its range is 2,305-8,770 dollars per month (low and high here are those times 12). Hangar cost varies a lot by airport. Flycraft shows the same class figure on every jet page in this class."
super-midsize.insurance_hull_rate,Insurance for damage to the jet (hull),Super-midsize,Class-wide,0.185,0.12,0.25,percent of jet value per year,Published,"Flycraft (CRAFT, Craft Charter LLC) ownership cost page, fixed-cost breakdown",https://www.flycraft.com/ownership-cost/bombardier-challenger-300-ownership-operating-costs,read 2026-10-06,Low,"Flycraft range, citing BWI Aviation Insurance, 'How much is aircraft insurance? A complete 2026 cost breakdown' (2026-01-04). Value is the midpoint of the range. Single underlying source. Flycraft shows the same class figure on every jet page in this class."
super-midsize.insurance_liability,Liability insurance,Super-midsize,Class-wide,18500,12000,25000,dollars per year,Published,"Flycraft (CRAFT, Craft Charter LLC) ownership cost page, fixed-cost breakdown",https://www.flycraft.com/ownership-cost/bombardier-challenger-300-ownership-operating-costs,read 2026-10-06,Low,"Flycraft range, citing BWI Aviation Insurance, 'How much is aircraft insurance? A complete 2026 cost breakdown' (2026-01-04). Value is the midpoint of the range. Single underlying source. Flycraft shows the same class figure on every jet page in this class."
super-midsize.management_fee,Management company fee,Super-midsize,Class-wide,81000,60000,102000,dollars per year,Published,"Flycraft (CRAFT, Craft Charter LLC) ownership cost page, fixed-cost breakdown",https://www.flycraft.com/ownership-cost/bombardier-challenger-300-ownership-operating-costs,read 2026-10-06,Low,"Flycraft figure; its range is 5,000-8,500 dollars per month, citing Business Jet Traveler 'Is a management company right for you?'. That article (https://www.bjtonline.com/node/2284, about 2023) says monthly fees start in the low four figures for small jets and reach the low five figures for large-cabin jets, which is consistent but gives no exact class figure. Flycraft shows the same class figure on every jet page in this class."
super-midsize.other_fixed,"Other fixed costs (subscriptions, charts, software, miscellaneous)",Super-midsize,Class-wide,62500,,,dollars per year,Published,"Flycraft (CRAFT, Craft Charter LLC) ownership cost page, fixed-cost breakdown",https://www.flycraft.com/ownership-cost/bombardier-challenger-300-ownership-operating-costs,read 2026-10-06,Low,Flycraft 'miscellaneous fixed'; no range shown. Flycraft shows the same class figure on every jet page in this class.
super-midsize.charter_certificate_costs,Extra yearly costs when the jet is chartered out,Super-midsize,Class-wide,45000,25000,75000,dollars per year,Our assumption,"Reynolds Jet, '7 questions you need to ask about illegal jet charters'",https://reynoldsjet.com/2019/02/25/7-questions-you-need-to-ask-about-illegal-jet-charters/,2019-02-25,Low,"No published dollar figure found. Our estimate, built up as: captains on a charter certificate must do recurrent training every 6 months instead of 12 (Reynolds Jet), so roughly one extra captain training event per year (15,000-30,000 each, Flycraft); drug and alcohol testing and background checks; higher insurance for commercial use; charter-required equipment, conformity checks and audits. Business Jet Traveler and AvBuyer (David Wyndham, 2023-02-08) confirm the owner pays for anything needed to make the jet legal for charter, but give no amounts."
super-midsize.extra_value_loss_per_1000_hours,"Extra value loss per 1,000 hours flown above typical use",Super-midsize,Class-wide,6,4,9,"percent of jet value per 1,000 hours",Our assumption,"AvBuyer, Jeremy Cox, 'Buying high-time jets: value or a risk?'",https://www.avbuyer.com/articles/aircraft-ownership/buying-high-time-jets-value-or-a-risk-112779,2020-06-10,Low,"Appraisal guides (Aircraft Bluebook, VREF) apply hour adjustments but do not publish the rates. The AvBuyer article says each flight hour on a new Gulfstream G550 is worth 5,280 dollars and on a 2004 G550 1,260 dollars, i.e. 5.3 million and 1.3 million dollars per 1,000 hours; against those jets' market values this is very roughly 8-9% per 1,000 hours (our calculation, values not from the article). It also says business jets rarely fly more than 400 hours a year. We use 6% for older midsize and super-midsize jets, range 4-9%."
super-midsize.base_days_out_of_service,Days out of service for maintenance per year (base),Super-midsize,Class-wide,14,10,20,days per year,Our assumption,"Aviation Maintenance survey via AviationPros, 'We survey the vital signs'",https://www.aviationpros.com/home/article/10388210/we-survey-the-vital-signs,2001-02-01,Low,"Survey of about 2,000 corporate jet operators (233 replies, with Embry-Riddle): 25.2 maintenance days per aircraft per year at 438 flight hours per year, 5.75 days per 100 hours. We split this into a fixed part (calendar inspections) of 14 days plus 2.5 days per 100 hours, which gives about 25 days at 438 hours. The split is ours; the survey is old (2001). Same for both classes."
super-midsize.extra_days_out_of_service_per_100_hours,Extra days out of service per 100 hours flown,Super-midsize,Class-wide,2.5,1.5,5.75,days per 100 hours,Our assumption,"Aviation Maintenance survey via AviationPros, 'We survey the vital signs'",https://www.aviationpros.com/home/article/10388210/we-survey-the-vital-signs,2001-02-01,Low,"Survey average is 5.75 days per 100 hours if all down days are tied to hours (high). We tie only part to hours (see base days row); 14 + 2.5 x 4.38 = about 25 days, matching the survey's 25.2 days at 438 hours. The survey notes higher-use and younger jets have fewer down days per 100 hours. Same for both classes."
all.fuel_price,Fuel price (Jet A at an airport),All jets,Same for all,8.49,7.57,9.16,dollars per gallon,Published,"Aviation Week, 'Jet-A Fuel Costs Rise In September, Survey Says' (Aviation Research Group survey of more than 200 FBOs)",https://aviationweek.com/business-aviation/airports-fbos-suppliers/jet-fuel-costs-rise-september-survey-says,2026-09-15,Medium,"National average retail price including taxes and fees, September 2026. Low and high are the cheapest (Central, 7.57) and most expensive (Western Pacific, 9.16) regions. Flycraft uses 7.66, its estimated U.S. average FBO price on 2026-10-04 (within about 11%). Owners with fuel cards or contract fuel usually pay less than retail. Prices rose sharply in 2026 (July average 7.61, August 8.31)."
all.taxi_climb_descent_allowance,"Extra time per flight for taxi, climb and descent",All jets,Same for all,0.3,0.2,0.4,hours per flight,Our assumption,Our assumption,,read 2026-10-06,Low,Added to each flight on top of distance divided by cruise speed. Per DATA.md.
all.fuel_stop_time,Ground time for a fuel stop,All jets,Same for all,0.75,0.5,1.0,hours per stop,Our assumption,"Flycraft, 'Private jet fuel stops: everything you need to know'",https://www.flycraft.com/basics/private-jet-fuel-stops-everything-you-need-to-know,2025-05-30,Low,"Flycraft: expect 30-60 minutes on the ramp, but the total time a fuel stop adds to a trip is closer to two hours once the detour, descent, landing, taxi, take-off and climb are counted. Universal Weather (2012-04-05) says jets can generally be turned within 45 minutes at good tech-stop airports. The app should also add the taxi/climb/descent allowance for the extra flight."
all.fuel_stop_fee,Fees for a fuel stop,All jets,Same for all,300,0,800,dollars per stop,Our assumption,"City of Arlington, Texas, Airport FBO schedule of fees",https://www.arlingtontx.gov/files/assets/city/v/2/airport/documents/rates-and-fees-fbo.pdf,read 2026-10-06,Low,"At most FBOs the facility fee is waived when you buy a minimum amount of fuel, which a fuel stop always does (Arlington: facility fee 250 dollars for jets of 12,500-29,999 lb, waived with 200 gallons; 350 dollars for 30,000-59,999 lb, waived with 300 gallons). What remains is the airport landing fee (Teterboro 2026: 3.15 dollars per 1,000 lb, about 64-125 dollars for these jets) and small extras. 300 is our estimate including landing fee and extras; 0 at a small airport, up to 800 at busy airports."
all.landing_handling_fee,Landing and handling fee per landing,All jets,Same for all,400,150,1500,dollars per landing,Our assumption,"City of Arlington, Texas, Airport FBO schedule of fees (plus Anderson County SC and Teterboro examples in notes)",https://www.arlingtontx.gov/files/assets/city/v/2/airport/documents/rates-and-fees-fbo.pdf,read 2026-10-06,Low,"Published examples: Teterboro landing fee from 2026-01-01 is 3.15 dollars per 1,000 lb for 12,501-80,000 lb (Port Authority of NY and NJ schedule of charges, https://www.panynj.gov/content/dam/airports/pdfs/Schedule%20of%20Charges-EWR%20and%20TEB-Jan_26.pdf, taken from a search-result summary; PDF not opened). Arlington TX FBO facility fee 250 (midsize) / 350 (super-midsize); Anderson County SC facility fee 150 (Hawker 800, Learjet 60) / 300 (Challenger 300/350, Citation X, Latitude) (https://www.andersoncountysc.org/wp-content/uploads/2023/08/Aircraft-User-Fees.pdf). Facility fees are often waived with fuel. Busy metro FBOs charge much more; high is our estimate for those. Note: Flycraft's 525-650 dollars per hour 'crew, landing and handling' overlaps with this and the crew hotel row, so do not use both."
all.parking_per_night,Parking per night away from home,All jets,Same for all,150,50,400,dollars per night,Our assumption,"City of Arlington, Texas, Airport FBO schedule of fees",https://www.arlingtontx.gov/files/assets/city/v/2/airport/documents/rates-and-fees-fbo.pdf,read 2026-10-06,Low,"Arlington TX ramp parking: 100 dollars per night for 12,500-29,999 lb jets, 150 for 30,000-59,999 lb; transient hangar 250 / 350; first night waived with fuel or facility fee. Anderson County SC: 50 per day mid-sized jet, 75 large jet. Big-city FBOs charge more; high is our estimate."
all.pilot_hotel_meals_per_night,Pilots' hotel and meals per pilot per night,All jets,Same for all,330,229,499,dollars per pilot per night,Published,"U.S. General Services Administration, FY2026 per diem rates (per diem API)",https://www.gsa.gov/travel/plan-a-trip/per-diem-rates,2025-08-15,Medium,"GSA FY2026 lodging plus meals and incidentals, yearly average: New York City 277+92=369; Boston 273+92=365; Aspen 274+92=366; Los Angeles 191+86=277; Boca Raton/Delray Beach/Jupiter (Palm Beach County) 184+86=270. Value is the average of the five (329, rounded to 330). Low = Palm Beach County off-season (143+86); high = Aspen winter (407+92). FY2026 ran to 2026-09-30; FY2027 rates were not checked. Crew hotels in resort towns often cost more than government rates."
all.owner_charter_revenue_share,Owner's share of charter revenue,All jets,Same for all,85,80,90,percent of charter revenue,Published,"Holland & Knight, Jonathan M. Epstein, 'Placing your aircraft with an aircraft charter-management company'",https://hklaw.com/en/insights/publications/2013/09/placing-your-aircraft-with-an-aircraft-chartermana,2013-09-30,Medium,"'A common arrangement is for the charter-manager to pay/credit 85 percent of the revenue generated from third-party charters to the owner', while the owner pays all costs of owning and operating the jet (fuel, maintenance, pilots). So it is 85% of the charter price before costs, not profit. AvBuyer (David Wyndham, 2023-02-08) also says the owner receives charter revenue less a 15% commission; Business Jet Traveler says the split has typically been 85/15, with 90/10 for high-demand large jets (high). Low of 80 is our estimate for less favorable deals."
all.charter_hours_per_available_day,Charter hours flown per day the jet is available for charter,All jets,Same for all,1.0,0.5,2.0,hours per available day,Our assumption,Our assumption,,read 2026-10-06,Low,"No published figure found. Our assumption: a managed midsize jet available about 250 days a year flies about 250 charter hours. Demand varies a lot by home base, season and the management company."
all.third_pilot_threshold_hours,Flight hours per year above which a third pilot is needed,All jets,Same for all,500,400,600,hours per year,Our assumption,"NBAA, Staffing levels",https://nbaa.org/flight-department-administration/personnel/staffing-levels/,2019-01-08,Low,"NBAA says staffing depends on hours flown, trip days, overnights, vacation and training, and points to formulas in its Management Guide, but the page gives no hour threshold. 500 hours is our assumption; a pilot forum citing NBAA mentions 600 hours as the point to consider a third pilot (not read, not verified)."
all.buying_costs,"Buying costs (pre-buy inspection, legal, escrow, title, buyer's broker)",All jets,Same for all,1.0,0.5,2.0,percent of price,Our assumption,"Airside Aviation, 'Understanding pre-purchase inspections: a buyer's complete guide'",https://airsideaviation.ca/understanding-pre-purchase-inspections-a-buyers-complete-guide/,2026-02-18,Low,"Pre-purchase inspection for midsize and large-cabin jets 20,000-50,000+ dollars (Airside Aviation), which is about 0.2-0.5% of a 10 million dollar jet. Add legal, escrow and title fees, and a buyer's broker fee if one is used. No published total percentage found; 1% is our estimate."
all.selling_costs,Selling costs (broker commission and closing),All jets,Same for all,3.0,1.0,5.0,percent of price,Our assumption,"The Record (Hackensack, NJ) via AviationPros, 'Jet broker pushes for growth despite struggling aviation industry'",https://www.aviationpros.com/home/news/10378599/jet-broker-pushes-for-growth-despite-struggling-aviation-industry,2010-12-02,Low,Broker commissions 'run anywhere from 1 percent to 5 percent' (low and high). Commission is usually lower as a percent on more expensive jets. 3% is our midpoint estimate including closing costs. Old source; no newer published figure found.
all.sales_tax,Sales tax on the purchase,All jets,Same for all,0,,,percent of price,Our assumption,Our assumption,,read 2026-10-06,Low,"Default 0. Sales or use tax varies by state; some states exempt aircraft or cap the tax, others charge their full sales tax rate. The user should enter their own state's rate."
all.bag_size,Space taken by one suitcase,All jets,Same for all,2.5,,,cubic feet per suitcase,Our assumption,Our assumption,,read 2026-10-06,Low,Per DATA.md. Roughly a medium checked suitcase.
